Name	Artist	Genre	AverageBpm	Comments
Now That I Need You 	☾ ☾		110.00	8B
Baja confirmada	$amurai;Mumbai Moon	Pop	86.00	9A
Microdosing	070 Shake	Alternative	93.00	10A
It's a Vibe (feat. Ty Dolla $ign, Trey Songz & Jhené Aiko)	2 Chainz	Hip-Hop/Rap	73.01	11A
Day One	45Diboss	Reggae	98.00	5A
Bad Riddim	A-Star	Pop;International Pop	130.00	4A
Beautiful (Rustie Edit)	A. G. Cook	Other	141.99	9B
Spice	Abbs Irn,MurdocKid &Yaw Mini		108.00	3A
Fruit	ABRA	R&B/Soul	120.00	6A
Nana	Acid Pauli	Electrónica	124.00	
Hele Meneer	Adje	Rap/Hip Hop	100.00	9A
You Keep Me So Hard	Adrien De Valentin	Presex	97.00	7A
Drogba (Joanna)	Afro B	Rap/Hip Hop	108.00	10A
They Know	Afro B;Tion Wayne	Rap/Hip Hop	93.00	10A
Pasilda	Afro Medusa	Electro;Techno/House;Dance	127.01	
Little Pakistani Boy	Ahadadream	Dance	135.00	10A
Bonce	Ahadadream	Dance	128.00	8A
MYLO DRUM DUB	Ahadadream		130.00	9A
ROSALÍA DRUM DUB	Ahadadream		125.00	4A
Come 2018 (feat. David GotSound)	Ahadadream;David GotSound	Dance	128.00	5B
Look	Aidonia	Reggae;Dancehall/Ragga	100.00	7A
Apercu	Air Max '97	Sex	137.00	7B
TELÉFONO	Aitana	Pop;Latin Music	86.00	10B
Chase	AJ & Deano		102.00	5A - Energy 7
Naila (Murlo Remix)	AJ Tracey & Murlo	Hip-Hop/Rap	140.00	6A
Butterflies	AJ Tracey;Not3s	Rap/Hip Hop	104.00	4A
Peligrosa	Aleesha;$kyhook;InnerCut	Rap/Hip Hop	105.00	7A
Outta Ctrl	Aleesha;Livinlargeinvenus	Electro;Dance	98.00	10A
56	Aleesha;Mike Snell	Pop	98.98	1A
NO MAN	Aleesha;Mike Snell	Pop	84.00	
Sweating	Alewya	Rap/Hip Hop	102.00	
Peanut Butter (Moon Boots Remix)	Alison Valentine	 	103.00	 
That Gurl	ALIZZZ	Dance	142.00	4A
What IF	ALIZZZ	Dance	139.99	4B
I C U (feat. Santell)	ALIZZZ	Dance	85.00	12B
Sunshine	ALIZZZ	Dance	146.00	1A
2 Languages feat. Iyeball	Alizzz	Rap	91.00	6A
Better Than You feat. Promnite, Santell, Iyeball	Alizzz	R&B / Rap	112.00	11A
Body Slam feat. Santell	Alizzz	R&B	130.00	12A
pop ur pussy (master)	ALIZZZ - C. TANGANA		95.00	4A
MALA MUJER MASTER FINAL KB VOX	ALIZZZ - C.TANGANA	Blues	101.00	5A
Your Love Hoodboi_mstr2	Alizzz Feat. Max Marshall		153.00	2B
Número 10	Alizzz;MC Buzzz;Mc Bin Laden	Latin Music	124.97	2A
Eu Voy Duro	All Day Ray		128.00	
Put Your Hands Up (N55 Hi Emotions Remix)	AlunaGeorge	Presex	155.00	5B
Gunfingers	Alvva	Alternativo;Indie Rock;Electro;Rap/Hip Hop;Soul & Funk;Grime	130.00	5A
Follow Me (Erik Hagleton Rework) (Strictly Rhythm) Out March 31	Aly-Us		124.00	5A
Heart-Shaped Box	Amber Mark	R&B	80.91	
1 Thing (Deejay Irie Rework)	Amerie vs Bacao Rhythm & Steel Band		101.00	2A/4A
How Can She	Amtrac		125.00	8A
Those Days (Original Mix)	Amtrac		124.00	11A
Werkin Girls	Angel Haze	Rap/Hip Hop;R&B	75.99	1A
Drop It Like Its Hot	Anka		90.00	1B
BASSIC	Anka		91.90	All - Energy 8
BROWNSTONE	Anka		95.00	10A - Energy 7
Precious Possession	Anna Wise	Alternative	138.00	
Count My Blessings	Anna Wise;Denzel Curry	R&B	90.00	7A
Wishlist (Dirty)	Another Hustle		88.00	10B - Energy 6
Karma	Aquihayaquihay	Latin Music	139.00	
KLK	Arca;Rosalía	Electro	98.00	3A
break up with your girlfriend, i'm bored	Ariana Grande	Pop	85.00	5A
Love The Way (YYIOY Bootleg)	Ariana Grande ft Mac Miller		143.00	7A
ROXANNE	Arizona Zervas	Rap/Hip Hop	87.50	11B
Alone With You	Ashlee	R&B	104.00	12A
Blue Hawaii (Brenmar Remix)	Astr	Club	130.00	6A
PNTHR	Athletixx	Club	126.00	4A
'promise ya'	Atu		110.00	12B
Cyanide	AutoLaser	Sex	136.99	6A
Cyanide	AutoLaser	Sex	137.00	6A
Energy (feat. Stormzy & Skepta) [DJ Rlo Remix]	Avelino	Hip-Hop	134.91	11A
Boasy	Avelino;Not3s	Rap/Hip Hop	108.00	
BIMBA	Awwz		122.02	8B
AWAKE	Awwz	Presex	130.99	5A
AWAKE	Awwz	#shower	131.00	5A
BIMBA	Awwz		122.00	8B
Gals (Optmst Remix)	Awwz		125.00	8A
GALS	Awwz	#shower	128.00	
Lotus	AWWZ	#shower	107.91	4B
U_R	AWWZ	#shower	145.00	5A
7Suns feat Demmy Sober	AWWZ	#shower	130.00	12B
Awake (Adrian B Remix)	Awwz		131.00	5A
Awake (BSN Posse Remix)	Awwz		165.00	5B
Awake (Lost Twin Remix)	Awwz		130.02	5A
Awake (Original Mix)	AWWZ	#shower	131.00	5A
Awake (Teen Flirt Remix)	Awwz		132.01	5A
Visa 	AWWZ, YAW MINI, F. DOWELL		102.00	
The Big Big Beat	Azealia Banks 		121.93	7B
One Touch (feat. AlunaGeorge a	Baauer	Dance	96.00	12A
Kodak	baby.daddi		94.00	7A
Yo Perreo Sola	Bad Bunny	Reggaeton;Latin Music	97.00	9A
A Tu Merced	Bad Bunny	Reggaeton;Latin Music	92.00	7A
MIA (Intro)	Bad Bunny ft. Drake		97.00	11A
P FKN R	Bad Bunny;Kendo Kaponi;Arcangel	Reggaeton;Latin Music	100.95	5A
Ignorantes	Bad Bunny;Sech	Reggaeton;Latin Music	96.00	3B
Blink (Prod. DJ Florentino) (feat. El Guincho & Florentino)	Bad Gyal	Hip-Hop/Rap	94.00	5A
Hookah	Bad Gyal	Pop;Latin Music	104.00	8A
Santa Maria	Bad Gyal;Busy Signal	Pop;Latin Music	107.00	9A
Live Up To My Name (Dirty)	Baka Not Nice		130.00	10A
Baza Ba Skivere	Bala Bala Boyz	Dance	124.00	5A
NITEVISION (feat. Pamputtae)	BAMBII	Modern Dancehall	100.03	2A
Heirloom	Basenji		145.00	9B
Dawn	Basenji		120.00	11B
AWWZ - Moonshine Vol.4 copia	BB CRY		130.00	5A
Mad Gaal	BEAM	Hip-Hop/Rap	100.00	5A
Gritando V	Bearoid no		121.00	6A
Dejavoodoo (Geeneus Remix)	Beezy	Funky	128.00	6A
Blade (Tidal Wave Of Love) Demo	Ben Khan		123.00	9A
Touch ft. Ryn Weaver 	BenZel		142.01	8A
Fallin Love (Cashmere Cat Remix)	BenZel		140.00	9B
Semi Detached 1.1	BenZel vs. Cass Lowe vs. Chance The Rapper		77.05	8A
Drunk in Love (feat. Jay Z)	Beyoncé	Pop	140.00	
Baby Boy	Beyoncé;Sean Paul	Pop;R&B	91.14	
Vice City	Biig Piig	Hip-Hop/Rap	137.00	6A - Energy 3
Badman Ollo	Bizzey;Yung Felix;Josylvio;3robi	Rap/Hip Hop	108.00	6A
Ramen Noodles	Bizzy Crook	Rap/Hip Hop	79.00	10A
RITMO (Bad Boys For Life)	Black Eyed Peas;J Balvin	Pop	105.00	5A
Refresh	Blackbird Blackbird		144.00	2A
Confident // (Bnjmn Bootleg Mix)	BNJMN		134.00	6B
Really Love	Body Language	Pop	81.00	5B
Reset	Body Language	Pop	133.00	12A
Melba's Call (feat. Kelela)	Bok Bok	Bass	140.00	4A - Energy 6
Unlimited	Bok Bok & Sweyn Jupiter	Grime RnG	138.78	4B - Energy 6
Gold (Star Slinger Refix)	Bondax		125.00	8A
Baby i've got that Justin martins remix	Bondax		120.00	4A
Going Bad Riddim	Bonxo		90.00	11A
Static 	Bosstone	SOULECTION	130.00	6A
Millions de mélos	Bramsito;Soprano	Rap/Hip Hop	126.00	
Lucuma	Branko & Dengue Dengue Dengue	Electronic / Pop / Bass	130.00	7A
MPTS	Branko/Pedro	Electro;Dance;Disco	127.00	
MPTS (DKVPZ Remix)	Branko/Pedro	Electro;Dance;Disco	106.00	
Good Love (feat. Jay Prince)	Brasstracks	Electronic	97.00	11A - Energy 7
Fatherless (Doc Daneeka "MRR SNRZZ" Remix)	Breach	Funky	130.00	8A
Jack (Codes Remix)	Breaches		130.00	6A
Baby I'm Yours (featuring Irfane)	Breakbot	Electronic	117.98	
Finesse remix	Bruno Mars ft. Cardi B		105.00	4A
Je m'apelle Bryte (prod. Gafacci)	Bryte	Dance	128.00	1A
BSN Posse - Dolphin Eyes	BSN Posse	Presex	139.97	8A
Costa Del Sol	BSN Posse	Sex	80.06	9B
About U	BSN Posse	Electronic	160.00	8A - Energy 5
Batty Rider	Buju Banton	Reggae	97.58	10A
Love Dem Bad feat.Red Rat	Buju Banton	Reggae	94.24	4A
Anybody	Burna Boy		104.00	11A
Collateral Damage	Burna Boy		102.00	7A
Show & Tell (feat. Future)	Burna Boy;Future		100.00	10B
Gum Body (feat. Jorja Smith)	Burna Boy;Jorja Smith	Rap/Hip Hop	97.00	
This Side (feat. YG)	Burna Boy;YG		100.00	12A
Inside Out	C Y G N		120.00	7A - Energy 6
Antes de Morirme (feat. Rosalía)	C. Tangana	Pop	196.00	1A
De Pie	C. Tangana		100.00	7A
Llorando en la Limo (feat. Alizzz)	C. Tangana	Urbano latino	77.50	7A
Bien Duro	C. Tangana	Rap/Hip Hop;Pop;Latin Pop;Latin Music	101.00	6A
Demasiadas Mujeres	C. Tangana	Rap/Hip Hop	126.00	8A
Yelo	C. Tangana;Alizzz	Rap/Hip Hop;Latin Music	135.00	2A
Viene y Va	C. Tangana;Natti Natasha	Rap/Hip Hop;Latin Music	99.00	10A
Tú Me Dejaste De Querer (feat. Niño de Elche & La Hungara)	C. Tangana;Niño de Elche;La Hungara	Rap/Hip Hop	84.00	9A
Small Boy	C.P;ShockTown	Rap/Hip Hop	100.00	5A
Up Inna (Beam, Cham & Alicai Harley Remix)	Cadenza;M.I.A.;GuiltyBeatz;Beam;Cham;Alicaì Harley	Electro;Dance	123.00	4A
Summer (Mike Stud Cover)	Calvin Harris	Other	130.00	4B
Nuh Ready Nuh Ready (Dirty)	Calvin Harris ft. PartyNextDoor		116.00	12A
Kelegbe	Candy Bleakz	African Music	122.00	
CAPSUN - 5000 (All For The Love)	CAPSUN	Future RnB	97.00	5A
I Like It	Cardi B;Bad Bunny;J Balvin	Rap/Hip Hop	136.00	4A
Please Me	Cardi B;Bruno Mars	Rap/Hip Hop	134.00	11A
Can't Do Without You	Caribou		128.00	8B
Want You To See	Carpainter		135.00	4B
With Me (Infuze Remix)	Cashmere Cat	Sex	140.00	4B
Adore feat Ariana Grande (MssingNo Remix)	Cashmere Cat		140.00	11A
Fuga Privada	Casio McCombs	Future	129.57	11A
Mpwekelela (feat. G'Spark & Caseiro)	Ced Koncept	Hip-Hop	127.00	8A
Murder She Wrote (Original Mix)	Chaka Demus & Pliers	Reggae	95.07	7A
Twist and Shout	Chaka Demus & Pliers	Reggae	128.00	11B
Lighter VIP	Champion	Funky	130.00	6B
Vroom Vroom	Charli XCX	Electronic / Pop / Hip-Hop	151.00	1B
Do It to It (Main Radio Version)	Cherish	Pop	148.00	6A
Tech Love (Otra Vez)	Chico Blanco	Electro;Dance	124.00	10A
Glow	Chiefs & CRNKN 		75.00	6A
Telegrach ave .	Childish Gambino	Presex	131.04	5A
telegraph ave. (Ta-ku Remix)	Childish Gambino		143.00	5A
3005	Childish Gambino		83.01	11A
Sober	Childish Gambino	Hip-Hop	98.00	8B
Centiped	Childish Gambino		90.00	7A - Energy 7
This Is America (Dirty)	Childish Gambino		120.00	7A/7B
Touch Me (Monkey Safari Remix) www.house-exclusive.com	Chocolate Puma & Bingo Players 		122.00	11B
Darle Cara (Lazy Flow Remix)	Chomba Boom feat Jamez Manuel		125.00	4A
Shut It Down	Choppa Dunks & Snappy Jit		128.00	8A
Cold Nights	Chordashian	Die Happy	125.00	12A
Pills & Automobiles	Chris Brown Ft. Yo Gotti, A Boogie Wit Da Hoodie & Kodak Black		72.50	6A
Kumbaza	Chuckie		128.00	7A
Level Up	Ciara		153.00	1A
What you do	Clancy 		120.00	11A
No Eyes Feat. Jaw (Original Mix) 	Claptone		120.00	6B
Always Yours (subdaio edit)	Clara La San		130.00	11A
Rather Be feat. Jess Glynne (L W K Y Remix)	Clean Bandit	ADM	82.00	1B
Treat You	Clientele		132.00	7A
Evening Ever	Clu	Presex	139.95	8A
Be Yourself	Codec	Bass	126.00	9B
Turning (Flume Remix)	Collarbones	Electronic/Future Pop	116.00	3A
City Breeze	Conducta	Electro	134.00	2A
Only U (Got Some Remix)	Conducta	Alternative;Indie Rock;Dance	125.00	4A
Sensation	Conducta	Dance	134.00	7A
Let Go (VIP)	Conducta		136.01	3A
Finally Found	Conducta x Jorja Smith		135.00	5A
Come & Go (feat. Alyss & Scrufizzer) (Remix)	Conducta;Alyss;Scrufizzer	Alternative;Indie Rock;Dance	140.00	7A
Steezing (feat. Coco & J'Danna)	Conducta;Coco;J'Danna	Alternative;Indie Rock;Dance	138.00	9A
Wanna Go (feat. Mina Rose, Coco & Big Zuu)	Conducta;Mina Rose;Coco;Big Zuu	Alternative;Indie Rock;Dance	136.00	11A
Gangsta'S Paradise 	Coolio		81.63	5A
Summer Romance	Coral Casino	R&B;Soul & Funk	96.00	11A/10A
María	Coral Casino	Alternative;Latin Music	129.99	9A
7 Days	Craig David	Pop	82.99	9A
Somebody Like Me (Intro)	Craig David ft. AJ Tracey		106.00	12A
Live In The Moment	Craig David ft. GoldLink		103.01	1A
Love Sex Sex	Cream Soda	Bass	107.00	10A
TLC	Cruz Cafuné;Maikel Delacalle	Rap/Hip Hop;R&B	115.00	9A
Tell Me	Cubeface		137.90	11A
Touch Ya	Cuerda		139.99	
Benjamins (Memeb Remix) Master	CVIRO & GXNXVS		95.00	11A
Perfect Form	Cyril Hahn feat. Shy Girls 		123.00	4B
Bam Bam (feat. TT The Artist) [Kking Kong Remix]	D-DOTs	Dance	130.00	5A
Crying At The Discoteque	D.J.Ibiza Dance	Dance;Pop	138.00	8A
BOP	DaBaby	Rap/Hip Hop	127.00	1A
Doin' it right	Daft Punk		89.07	2B
Better	Dallas Hill	Hip-Hop/Rap	95.00	1B
Get You (feat. Kali Uchis)	Daniel Caesar	R&B/Soul	148.00	10A
Lil Bebe	DaniLeigh	Rap/Hip Hop	136.00	5A
All I Know	DaniLeigh ft. Kes		95.00	
Broken Flowers	Danny L Harle		122.00	8A
Awake for Hours	Danny L Harle		93.23	
Alicia	Darius & Crayon		112.00	
Ends	Darrein Safron	R&B/Soul	82.00	6A
Kandi	Dave B.	Electronic	172.05	10A - Energy 5
4 Life	David Meli;Jugglerz		104.00	7A
Say True	Deech		130.00	
7SUNS (Prod. by Awwz)	Demmy Sober	#shower	130.00	
7SUNS (Prod. by Awwz)	Demmys Sober		130.00	12B
All Your Goodies Are Gone feat. Mayer Hawthorne (Shigeto remix)	Dennis Coffey	Electronic Soul	109.50	6A
Up (Audio)	Desiigner 		72.00	6A
Drop That Ass	DevelopMENT	Other	128.00	11A
My Friends extended mix	DEVolution	Bass	129.00	3A
Flow (Zoo Look Remix)	DFRNT & Fault Lines		122.00	7A
$Copie (Salon Acapulco remix)M1	Die Antwoord 		126.00	8B
You & Me (feat. Eliza Doolittle) (Flume Remix)	Disclosure		150.00	3A
What's In Your Head (Mak & Pasteman Remix)	Disclosure	Electro	128.00	7A
Disclosure - Tenderly (Melé Remix)	Disclosure		148.00	9A
Holding On (feat. Gregory Porter)	Disclosure	Электронная музыка	124.00	7B
When A Fire Starts To Burn	Disclosure	Electronica	124.00	10B
F For You	Disclosure	Electronica	124.00	2A
You & Me (Flume Remix)	Disclosure;Eliza Doolittle	Electro	150.00	3A
Any Key	Dismantle	Funky	128.00	4A
Huntsman	Dismantle	Funky	127.00	8A
Omunye (feat. Benny Maverick and Dladla Mshunqisi)	Distruction Boyz	Dance	126.03	9A
Soundbwoy Rudebwoy (Bianca Oblivion REMIX)	DJ co.kr		130.00	6A
GhanaBoyz Challenge (SOMJI Edition) [feat. Manlikestunna]	DJ Flex	Músicas del mundo	138.00	4A
Good Comfort	DJ Frass;Shenseea	Reggae	100.00	8A
Work From Home DJ Ghetto Pek Nyan-Nyan You Are So Hard Edit	DJ Ghetto Pek		150.00	12B
Bad & Boujee 	DJ Jayhood x DJ Sliink (Jersey Club Remix)		140.00	2A
Olhei, gostei (feat. Ludmilla)	DJ Lindão;Ludmilla	Brazilian Music;Soul & Funk	150.00	12B
Deep Inside RMX	DJ Mike Gip "The Handsome DJ"	Club	134.00	8A
Real Bad Gal	DJ Mozes x Slick Vick	DANCEHALL	102.00	5A
Road To Eyadini	DJ Ngamla No Tarenzo	Afro House	126.00	6A
Signet	DJ Polo	Funky	127.00	1A
Be Mine (feat Kai Ryder)	DJ Q	Bass	132.00	1B
Get Over You	DJ Q	Bass	132.00	3A
Fuck It up Challenge	DJ Telly Tellz	Dance	155.21	9A
Watch How Mi Dweet feat. Logan	Dj Tess;Logan	Electro	130.00	5A
Mafa Mafa	DMW;DaVido;The Flowolf;Peruzzi;Dremo	Pop	121.00	
Creator	Doctor Jeep		127.00	4A
Juicy - by Museekal	Doja Cat		85.00	7A
SIROJ - BODYGROOVE BAILE (Mayor Edit)	Don Mayor		128.00	4A
Blackstreet - Can't Get You Out Of My Mind (Mayor Bounce Edit)	Don Mayor	Edits	174.00	6A
Hossam Ramzy - Khusara Khusara (Mayor Edit)	Don Mayor		147.00	8B
Keith Sweat - Twisted (Mayor Edit)	Don Mayor		84.00	
Sango - Três Horas (Mayor Edit)	Don Mayor		130.05	11A
Contando Lunares (feat. Cruz Cafuné)	Don Patricio;Cruz Cafuné	Rap/Hip Hop;Latin Music	106.00	9A
Bandoe (Dirty)	Donae'o ft. Don E		128.00	9A
Polo (Dirty)	DonaeO	Funky	128.00	11A
Move To The Gal Dem (Remix Featuring BBK)	Donaeo 	Funky	128.00	1A
My Circle Remix (Dirty)	Donaeo ft. Cadet, Wiley, & Ghetts		128.00	12A
I Feel Love [Original 12']	Donna Summer		128.23	
Cartier (feat. Chivv & 3robi)	Dopebwoy	Hip-Hop/Rap	127.00	9A
Come & Go	Dopebwoy;Kalibwoy;Latifah	Rap/Hip Hop	100.01	7A
Santo Domingo	Dopebwoy;Yxng Bane	Rap/Hip Hop	98.00	4A
Barbie Boy (feat. Sega Bodega)	Dorian Electra;Sega Bodega	Pop	82.96	1A
Marimba Rija	Dotorado Pro	Electronic	130.00	8A
Jasmine (Dubbel Dutch RMX)	Dougie F ft. DJ Fire	Other	137.96	2B
Controlla	Drake	Hip-Hop/Rap	93.50	
One Dance (feat. Wizkid & Kyla)	Drake	Hip-Hop/Rap	104.00	3A
Fake Love	Drake	Hip-Hop/Rap	134.00	8A
In My Feelings - Satoru Hype Edit (Dirty)	Drake		91.00	4B
In My Feelings (Dirty)	Drake		91.00	5A
God's Plan (Dirty)	Drake		154.40	
Fake Love (DJ Stepwise Favela Mix)	Drake ft. MC Brinquedo		134.01	7A
Rollcage	Dro Carey	:')	140.00	9A
Hello (CAPSUN Flip)	Dugong Jr x Mindless Behaviour x CAPSUN		128.00	4A
Ready (Dirty)	Dun D		100.00	7A - Energy 6
Creep	DUVV	R&B/Soul	116.00	12A - Energy 5
Chop Chop	DyDy;Gold Gad	Reggae;Dancehall/Ragga	99.00	6A
Jorja Smith - On My Mind (DYNE BAILE REMIX)	DYNE		126.00	
REALLY HOT BAILE	DYNE		124.97	6A
Congo (Awwz Remix 2020)	Egosex	Electro;Dance	95.00	5A
Drive Me Crazy	Elhae	R&B/Hip-Hop	121.00	
Afro Jungle 2K16	Emile Laurent	Afro House	126.00	8B
German - Satoru Club Mix	EO		103.00	1A
Think It Through	Equator Club	Future 90s	124.00	4A
Gotta Have It	Equator Club & Aztek		135.00	7A
3 - Return	Eric BLUEMEL		125.03	5A
Martina	Eso.XO.Supreme	R&B/Soul	79.01	1A
Pure	Esta	SOULECTION	140.00	7A
Cumbiastrumental	Eternos		170.00	Visit https://sophisticateddelinquency.bandcamp.com
Tick Tock	Eugy	World	120.00	10A
Body (feat. Mr Eazi)	Eugy		100.00	8A
Hinode	Fakear		172.00	8A
Vroom VIP (Hoodcore x Sango DJ Tool)	Falcons	└A	85.00	11B
Brrrrrr (What Happened?) 	Falcons	└A	90.00	10A
MyPu**y (lol)	Falcons	└A	138.00	10A
Gossip Riddim	Falcons	└A	120.00	11B
Gyal Dem Move	Falcons & Juelz		130.00	2A
Codeine Cups (prod. petey)	FAM		75.40	3A
So Good	Farhot 		82.02	6A
What's Luv - ZIGGY & Praia Del Sol 2018 Remix	Fat Joe ft. Ashanti		102.00	5A
Toca	Fearz	Electro	130.00	9A
Tundra	Fearz	Electro	130.00	7A
Nothing Lasts Forever [Mastered]	FEKI		140.00	12B
SUMMER BEAT	Felix		118.00	4A
Go Back Home	FKJ	Electronic	96.00	2A
Clarity	Flava D		131.00	3A
The GTW & Bengfang - Cravings	Flight Facilities		133.00	11A
Killer Kowalski 	FLOCKA		114.00	
Paper Thin	Flume		95.00	6B
Smoke & Retribution (Original Mix)	Flume, Vince Staples, Kucka	Electronica	121.00	5A
Pumped Up Kicks (Gigamesh Remix)	Foster The People	Waves ≠ Raves vol. 10	128.00	
Big Man Ting	Fox	Garage	127.00	4A
Your Love (Stanton Warriors Tribute Mix)	Frankie Knuckles		128.00	9A
Akom (DJ Satelite Remix)	Freak De L Afrique :: Instagram: @Waploaded	Waploaded	124.00	9A
Getiton+AndIsay thugedit	Frogs In Socks vs Nicolas Jaar		120.68	9A
Swarm	Funkystepz	Funky	128.00	1A
Lookin Exotic	Future	Hip-Hop/Rap	152.00	9A
Patek Water (feat. Offset)	Future & Young Thug	Hip-Hop/Rap	76.50	11A
Sunshine (Wookie Main Mix)	Gabrielle		137.14	6A
We On	Gavlyn & DJ Hoppa	Hip-Hop/Rap	90.00	4A
J Dilla - Think Twice // GDNA (RE)Vision	GDNA		126.00	10A
Talk Talk (Ta-ku Remix)	George Maple	Electronica	132.00	6B
You	Gidge		110.00	8A
yung summer	gillepsy	Sex	139.99	10A
Choreograph	Gilligan Moss	Dance	112.00	2A
Llama	Girl Ultra	Alternative;Latin Music	75.00	
Hola	Girl Ultra	Alternative;Latin Music	106.77	
Duele	Girl Ultra	Alternative;Latin Music	90.00	
Abril	Girl Ultra	Alternative;Latin Music	120.00	
Buenas Noches (Interlude)	Girl Ultra	Alternative;Latin Music	130.59	
Adiós	Girl Ultra	Alternative;Latin Music	130.00	
Lejos	Girl Ultra;Coco Santos	Alternative;Latin Music	98.00	
Bye Bye	Girl Ultra;FNTXY	Alternative;Latin Music	96.00	
Double Take Part II	Girl Unit	Club	135.00	7A - Energy 7
5th Ave	Gold Panda		87.97	8A
Crew (feat. Brent Faiyaz & Shy Glizzy)	GoldLink	Hip-Hop/Rap	130.00	12A
Crew ft. Brent Faiyaz, Shy Glizzy	GoldLink 		130.00	12A
PRESSURE	Goon des Garcons	Rap/Hip Hop	136.00	9A
Crocodile Tears	GRADES		126.00	2B
SoloCup_JonBlaze	grimelabinc		121.69	
Cash Train (feat. Not3s & Blade Brown)	GRM Daily;Not3s;BLADE BROWN	Rap/Hip Hop	98.00	7A
Little Bit of This (feat. Vince Staples) (Original Mix)	GTA, Vince Staples	Hip-Hop	118.00	11A
Gutta & Kaotik-Dive In #TLSCWTS	Gutta Beatz		136.00	8B
Gutta & Kaotik-Dive In #TLSCWTS	Gutta Beatz		136.00	Made with ACID Pro 7.0
Focus - Lemi Vice & Action Jackson Remix	H.E.R.		130.00	11A
Florida (ft. El Mayam, Yei B, 4AM)	Halfmann		100.10	
Florida	Halfmann;El Mayam;Yei B	Electro;Soul & Funk	100.00	7A
No Limit	Hannah V;Shystie;Pepper Rose	Pop;R&B	105.00	
Capoira 	Hard House Banton	Funky	126.00	2A
El General  	Hard House Banton	Funky	126.00	10A
Cmon (Dirty)	Hardy Caprio & Tion Wayne		106.00	11A
Something About You	Hayden James	Electronic	115.00	6A
Never Goin' Broke (Feat. Iamsu!, P-Lo, Kool John, Jay Ant	HBK Gang 		98.00	10A
Ukiyo	Hermitude		180.00	5A
Bugatti Friendz	Hi Tom		139.00	8B
Addio Mare (feat. Astroboi)	Highkili;Astroboi	Reggaeton	96.00	5A
Aberto	Hiram		114.00	
We Do it 	Hnqo 		118.00	11B
So Pretty	Hoodcelebrityy;Kash Doll	Reggae	92.00	
Lambada	Hr. Troels;Manos	Dance;Pop	126.00	
Cashmere	Hucci	Presex	119.97	6B
Very First Breath (feat. Irfane)	Hudson Mohawke		140.00	3A
Passports (feat. Remy Banks)	Hudson Mohawke	Warp, Master, Publishing, Vocal Male	132.00	7A
Foxy Boxing	Hudson Mohawke	LuckyMe, Master, Instrumental	142.97	5A
Thunder Bay	Hudson Mohawke	Warp, One-stop, Instrumental, Vocal FX	135.98	5A
Nomatter+thatthing	Huxley		124.15	3A
Maniac	Hyper Crush		128.00	10B
Shade (Dirty)	IAMDDB		122.00	
G.A.F	IAMDDB	Rap/Hip Hop;R&B	135.00	
Temptation	Iamnobodi	SOULECTION	120.00	7B
Something New (feat. Sage the Gemini & Ymtk)	Iamsu!	Hip-Hop/Rap	97.00	12A
Hipster Girls	Iamsu!	Hip-Hop/Rap	129.00	
Bellion	Ill Blu	Funky	128.00	11A
Tuesday (Blackbird Blackbird Remix)	ILOVEMAKONNEN Feat. Drake	Club	143.98	
Hunnids	Innanet James	Rap/Hip Hop	76.00	2A
Morado	J Balvin	Rap/Hip Hop;Latin Music	97.00	7A
Did You See - Conducta Remix (Dirty)	J Hus		125.01	10A - Energy 6
Cucumber	J Hus	Rap/Hip Hop	103.00	10A
Good Time - Satoru Club Edit (Dirty)	J Hus ft. Burna Boy		110.00	10A - Energy 5
Lean & Bop - Rude Kid Remix	J Hus ft. DoccyDocs		128.00	1A
Play Play	J Hus;Burna Boy	Rap/Hip Hop	90.00	8A
Big Conspiracy	J Hus;iceè tgm	Rap/Hip Hop	93.00	7A
Repeat	J Hus;Koffee	Rap/Hip Hop	92.00	11B
She's All I Need 	J-Louis	SOULECTION	130.50	5A
Videolympics	Jacob 2-2		136.00	8A
No Excuse	Jacques Greene	Presex/aftersex	127.00	2A
Afterglow (Original Mix)	Jacques Greene	Electronica / Downtempo	137.99	1A
You Can't Deny	Jacques Greene	Electrónica	125.99	10B
Wasteman	Jada Kingdom;Stalk Ashley	Reggae	90.00	10A
Clarks Pon Foot	Jahvillani	Reggae;Dancehall/Ragga	95.00	2A
Clarks Pon Foot	Jahvillani	Reggae;Dancehall/Ragga	95.00	2A
Track 14	Jai Paul		89.94	11B
Track 16	Jai Paul		89.99	2B
Track 12	Jai Paul		86.00	3A
Girl	Jamie xx	Electrónica	101.64	
Gosh	Jamie xx	Electrónica	139.45	
Hold Tight	Jamie xx	Electrónica	125.50	
I Know There's Gonna Be (Good Times) [feat. Young Thug & Popcaan]	Jamie xx	Electrónica	179.00	10A
Just Saying	Jamie xx	Electrónica	126.77	
Obvs	Jamie xx	Electrónica	152.00	
SeeSaw (feat. Romy)	Jamie xx	Electrónica	125.00	
Sleep Sound	Jamie xx	Electrónica	118.20	
Stranger In a Room (feat. Oliver Sim)	Jamie xx	Electrónica	129.81	
The Rest Is Noise	Jamie xx	Electrónica	125.00	
I Know There's Gonna Be (Good Times) [feat. Young Thug & Popcaan]	Jamie xx	Electronic	89.50	10A
A Lover's Bounce	Jared Jackson	Electronic	105.00	7A - Energy 6
Essence	Jarreau Vandal		111.00	7A
Tip Toe - Mista Bibs Havana Edit (Dirty)	Jason Derulo ft. French Montana		105.00	7A
All You	Jay Prince		130.00	12B
I'll never let you go	JAYEEM 		131.00	10A
Fresh & Clean	Jaz Elise	Reggae;Dancehall/Ragga	101.00	5A
Insecure	Jazmine Sullivan & Bryson Tiller	Soundtrack	130.54	6A - Energy 3
Qui (YYIOY Remix)	Jeremih		140.00	2A
Fuck You All The Time (feat. Dav & Natasha Mosley) Remix	Jeremih (feat. Dav & Natasha Mosley)	Rnb/Hip-Hop/Rap	109.98	9A
Apaga la luz (Alizz remix) KB	Jesse Baez	Blues	140.03	4A
Apaga la luz (Alizz remix) KB	Jesse Baez	Blues	140.03	4A
It Means I Love You	Jessy Lanza		160.00	11A
Do the Road	Jevon	Hip-Hop/Rap	120.00	1A - Energy 7
Sativa - DJ Mike D Remix	Jhene Aiko ft. Rae Sremmurd		126.00	11A
Sativa (Dirty)	Jhene Aiko ft. Swae Lee		126.00	11A
Bang! Bang!	Joe Cuba Sextette	Latin Music	125.93	5A
Let Me Go	Joe Goddard x Kidnap Kid x Moko		135.00	10A
Faux pa 	Joey Mccrilley	Nu House 	123.00	11A
Snooze	Johnny Yukon	R&B/Soul	155.00	12A - Energy 5
4 Life	Jonna Fraser;Lil Kleine	Rap/Hip Hop	105.00	4A
On My Mind	Jorja Smith & Preditah	R&B/Soul	130.00	3A - Energy 6
Be Honest (feat. Burna Boy)	Jorja Smith;Burna Boy	R&B	98.00	
Be Honest (feat. Burna Boy)	Jorja Smith;Burna Boy	R&B	98.00	9A
Be Honest (feat. Burna Boy)	Jorja Smith;Burna Boy	R&B	98.00	9A
Be Honest (feat. Ms Banks) (Cadenza & AoD Remix)	Jorja Smith;Ms Banks	R&B	98.00	9A
Be Honest (feat. Ms Banks) (Cadenza & AoD Remix)	Jorja Smith;Ms Banks	R&B	98.00	9A
Bolsas de Ikea	Joseph x Sandro		132.00	7A
Banku Dade	Jowaa		126.00	7B
Driffttt	Juelz		123.00	5B
LLÁMAME	Juicy BAE	R&B	75.00	7A
Rhythm of Auld (feat. J'Danna)	Julio Bashmore	Electronic	121.01	8A
Knockin' Boots	Julio Bashmore	Electronic	127.01	11B
Rhythm of Auld (feat. J'Danna)	Julio Bashmore		121.01	8A
Normal	Juls;Kojey Radical		130.00	
Winner Walk (feat. XOriginals)	Jus Now;XOriginals	Electro	118.00	9A
07 - Chop Me Up (feat. Timbaland & Three 6 Mafia) (320  kbps) (YouTube 2 MP3 Converter)	Justin Timberlake		73.54	2A
Take Back The Night (Pat Lok 'Day x Nite' Remix)	Justin Timberlake	Fun	114.47	10B
Love Sex Magic (Bodhi Remix)	Justin Timberlake Feat. Ciara		125.00	4B
Yebo Pa (Main Mix)	Kabza De Small	Afro House	115.00	7A
Tyrant (feat. Jorja Smith)	Kali Uchis	R&B/Soul	82.50	2A
Otra Noche	Kamixlo	Electro	96.06	
Flow Of The Year feat. JME	Kano		139.97	2A
 INTRO - All Of The Lights (FS Green's Intro Mix)	Kanye West	Electronic	130.00	3A
I Love It (Dirty)	Kanye West & Lil Pump ft. Adele Givens		104.00	6A
Beat Down	Kaptain Cadillac	Booty Bass	128.00	7A
Tusa (Reggaeton Edit)	KAROL G, Nicki Minaj		101.00	10B
Tusa	Karol G;Nicki Minaj	Rap/Hip Hop;Latin Music	101.00	10B
Last Call	Kartell	Nu Disco / Indie Dance	130.00	6B
Show Out	Kaytranada		162.00	
Orquesta Akokán: Mambo Rapidito"	KCRW		129.31	12B
Til The Morning (SNAKEHIPS REMIX)	Kehlani		130.00	5A
CRZY 	Kehlani 		130.00	2A
Send Me Out (Obey City RMX)	Kelela	Other	120.00	2B
Momo (Mobile Money)	Kelvyn Boy;Mugeez;DarkoVibes		108.00	
DNA.	Kendrick Lamar	Hip-Hop/Rap	130.00	10A
HUMBLE.	Kendrick Lamar	Hip-Hop/Rap	150.00	3A
All The Stars (Dirty)	Kendrick Lamar & SZA	Other	96.80	5A
"Vibe Walk" (Break Science Remix)	Kendrick Lamar vs Tycho	Other	79.35	11B
Turn Me On	Kevin Lyttle	Reggae	106.25	12A
Gun Runners	KGreen		128.00	8A
Love Lies (Dirty)	Khalid & Normani		72.00	2B
Day 'N' Nite	Kid Cudi		138.00	10A
Vehl	Kidnap Kid	Dance	130.00	4A
You Know	Kilter	Hip Hop	98.00	11B
Doin' My Thing (Featured In She's Out Of My League)	King Juju	Pop	98.00	6B
Juno Salsa	King Most		107.00	
Damaia Remexe (feat. Pongo)	Kking Kong	Electronic	130.00	9A
So Fine	Klaves		125.00	9A
Come On	Klaves		119.00	2A
Closer	Klaves		135.00	2A
Will You	Klaves		124.00	3A
Mamacita	KM;Frenna;Jonna Fraser	Rap/Hip Hop	130.00	8A
Check - Nathan Dawe Remix (Dirty)	Kojo Funds ft. RAYE		102.00	2A
Der Alte	Kolsch		124.00	8B
DIMENSION DRIFT	KONTENT		134.99	7A
Dollar Sines	KRNE		75.00	3B
Air	KRPS		125.00	4A
Sound Of Da Police - Vinc Moombahton Edit	KRS-One		108.00	7A
Speechless (Karma Kid production)	KStewart		131.00	12A
Iskhathi (Gong Gong)	KWiiSH SA	Amapiano	114.00	8A
iSpy (feat. Lil Yachty)	KYLE	Hip-Hop	74.99	8B
Young Hearts Run Free	Kym Mazelle	Alternative;Indie Pop;Indie Rock;Pop;Indie Pop/Folk;Rock;Films/Games;Film Scores	119.99	7A
Plastician - Shallow Grave (L-Vis Edit)	L-Vis 1990		130.00	3A
NA - Ecstacy (L-Vis Edit)	L-Vis 1990		130.00	6A
Ascention	La Diabla		130.00	2A
Meisje	LA$$A;LouiVos;Geechi;Frsh	Rap/Hip Hop	108.00	12A
Queen's Speech Ep.3	Lady Leshurr		128.00	10B
Fly Away (Poolside Edit)	Laid Back	Daytime Disco	102.00	http://facebook.com/poolsidemusichttp://soundcloud.com/poolsidehttp://twitter.com/poolside
Ar15 (feat. Pucci Jr)	Lala &Ce;Pucci Jr	Rap/Hip Hop	85.00	5A
Ar15 (feat. Pucci Jr)	Lala &Ce;Pucci Jr	Rap/Hip Hop	85.00	5A
You'llneverbemine+tofallinloveitstrue thugecdit	Lancelot + Isaac Tichauer		124.16	11A
Body Bounce (Murder He Wrote Remix) Featuring Koshens	Lao Ra	Funky	124.00	12A
Picaflor	Lao Ra;C. Tangana	Rap/Hip Hop	98.00	9A
Y.O.U	Last Japan & Avrg Joe	Sex	140.00	8B
Been a Minute	Last Night In Paris	Dance	140.00	2A
That Thing (Golden Boy Bootleg) V2	Lauryn Hill		124.00	2A
Boing Boing	Lauwtje;Famke Louise;Poke	Rap/Hip Hop	100.00	5A
Para Abajo	Lechuga Zafiro;Matmos;Seba Tc	Electro	101.00	
Rayon	Letherette		124.00	7A
Don't Think About Me	Letherette		120.00	2B
Ride Mi Bike	Lexxicon	Reggae	95.00	6A
Where I Be	Liable	Garage	125.00	5A
Lemonade (Ca$h Bandicoot Edit)	Lido (Yung Lean X Lido) 	Presex	125.99	3B
Faded (Rusty Hook Flip)	Lido x ZHU	Sex	130.00	7A
Steel Intermission (Sylvere Remix)	Lil Crack		124.00	12A
XO TOUR Llif3 (Produced By TM88)	Lil Uzi Vert 		77.50	10A
Wonder Woman (NVOY Remix)	LION BABE		121.00	6B
Hot Body Woman [Edit]	Liquid Dust	Grapoe	96.00	8B
Juice	Lizzo	Pop	120.00	7A
Take It Back 	Logic		135.00	7A
Ya No Quiero Ná	Lola Indigo	Pop;Latin Music	128.99	7A
Mujer Bruja	Lola Indigo;Mala Rodríguez	Pop;Latin Music	106.00	2A
Y.L.S. (DJ Stepwise Favela Remix)	Los Rakas ft. MC João		130.00	5A
Amigo	Lous and The Yakuza	Rap/Hip Hop	118.00	4A
De Ti Me Olvido	Love Yi;Recycled J;Naes Beats	Rap/Hip Hop;Reggaeton;Reggae	106.00	2B
Party Girls (Sinjin Hawke Remix)	Ludacris, Jeremih, Cashmere Cat, Wiz Khalifa		130.00	6A
Verdinha	Ludmilla;Topo La Maskara;Walshy Fire	Brazilian Music;Soul & Funk	138.00	
OOOOO (Original Mix)	Luke West	Breaks	126.00	8A
Distrust ft. Denzel Curry	Lunice	LuckyMe, Master, Vocal Male	157.99	7A
Partout	Lunice	LuckyMe, Master	128.00	9A
Purp Walk	Lunice	Lucky Me, Master, Vocal FX	94.00	4A
S'mores	LUX LYNX & Big K 	JERSEY CLUB	136.00	8A
She Likes Me (feat. KC The Plug)	Lynchparty	Hip-Hop/Rap	140.00	7B
Dang! (feat. Anderson .Paak)	MAC MILLER	Hip-Hop	107.00	8B
On My Mind	Machinedrum	Electronic	153.98	7A
Isometrix (Original Mix)	Machinedrum	Electronica / Downtempo	100.03	10A
Spectrum Sequence (Original Mix)	Machinedrum	Electronica / Downtempo	110.00	6B
Tell U feat. Rochelle Jordan (Original Mix)	Machinedrum, Rochelle Jordan	Electronica / Downtempo	87.00	1B
White Crown feat. Tosin Abasi (Original Mix)	Machinedrum, Tosin Abasi	Electronica / Downtempo	156.00	10A
Weekend	Magic Flowers		121.00	
Replay	Maikel Delacalle	Pop;Latin Music	110.00	10A
My Love (feat. Drake)	Majid Jordan	Pop	119.00	7A
Lean On (Original Mix)	Major Lazer feat. MO & DJ Snake	Electronica	98.00	6A
Que Calor (feat. J Balvin & El Alfa)	Major Lazer;J Balvin;El Alfa	Electro;Dance	126.00	5A
Fire Water	Majora	Funky	127.00	10A
Armour King	Majora	Funky	128.00	11B
Rio Circus (Hagan Remix)	Majora	Funky	128.00	8A
Valbandon	Majora	Funky	128.00	9B
4AM	Manny Norté;6lack;Rema;Tion Wayne;Love Renaissance (LVRN)	R&B	105.00	
CEO	Mans o;B4mba;La Rana	Electro	134.00	
Man x Woman	Mar	House/RnB	124.00	5B
Birthday Card	Marcus Marr & Chet Faker		123.00	6A
Ninia	Maria Sioke;Pedro LaDroga	Pop;Latin Music	94.00	
Ninia	Maria Sioke;Pedro LaDroga	Pop;Latin Music	94.00	1A
All I Want (Original Mix)	Mark D FunKtion	Electronic	124.00	2B
Goldchains	Marlin	Presex	138.01	7A
Sexual Healing (ODahl rmx)	Marvin Gaye		110.00	5A
Time Wastin'	Masia One;XXXSSS Tokyo	Rap/Hip Hop	135.00	12A
Todo Os Dias	MC Buzzz;King Doudou	Rap/Hip Hop;Latin Music	130.00	6A
Bum Bum Tam Tam - AVI S Remix	MC Fioti		128.00	11A
El Tango de La Muerte	MEAPETECE		121.00	9A - Energy 5
Ambience	Melé	House	125.00	3B
Queens Day	Melé	House	125.00	7A
Body Thing	Melé	House	124.00	6A
Miss Me (Full Mix)	Meleka	Funky	127.00	5A
In Fact	Melvitto;Gabzy		89.98	6B
Don't stop me (Original Mix) Master	Memeb 	Blues	100.00	8A
Thousand Words Ft Kaleem Taylor (Original Mix) Master	Memeb 		100.00	8A
Wating for you Ft Jahkoy (Original Mix) Master	Memeb 		127.00	3A
Dime Cuantas Veces	Micro TDH;Rels B	Rap/Hip Hop;Latin Music	100.00	4B
Dime Cuantas Veces (Remix) [feat. Justin Quiles]	Micro TDH;Rels B;Lenny Tavarez;Justin Quiles	Rap/Hip Hop;Latin Music	100.00	4B
Bad and Boujee (feat. Lil Uzi Vert)	Migos	Hip-Hop	127.00	2A
Walk It Talk It - Tall Boys 90-73 Transition (Dirty)	Migos ft. Drake		72.98	7A
Girl With The Tattoo (Yarin Lidor Remix ft. Atari Jones)	Miguel		138.00	12A
How Many Drinks (Figgy Remix)	Miguel		103.00	2B
All I Want Is You (Blackbird Blackbird Bootleg)	Miguel	Juke	145.00	8A
Sky Walker (Clean)	Miguel ft. Travis Scott		73.00	2B - Energy 6
The Wave (Thomas Gold Remix)	Miike Snow		127.00	1A
Playin Too Much / Girls House (still not a player bootleg)	Mike Gao	Conceptual DJ shit	128.00	7A
The Show (Louis La Roche Remix)	Mike Mago		124.00	4A
Mikey B - One In A Million	Mikey B 	UK Bass	134.00	3A
MOVE	Mila J 		138.00	12A
05 Solo (ft Don Sinini)	MINA		105.00	5B
Sentah (feat. Bryte)	Mina, Bryte		125.00	7A
Boing (feat. Nane)	Mina, Nane		126.11	11A
Angles	Miraa May;JME	R&B	125.00	
Angles (Preditah Remix)	Miraa May;JME	R&B	130.03	
I'm Better (feat. Lamb)	Missy Elliott	Hip-Hop/Rap	105.00	5A
Cool Off	Missy Elliott	Rap/Hip Hop;R&B	139.00	
Get Your Immortal Freak On (DEBIT Bootleg)	Missy Elliott × Nindja	PIRTA	90.00	2A
ASESINO PSICÓTICO (MIJO Y MACAULAY "HAZME FAMOSA" MIX)	MODERNA Y THEUS MAGO 		119.00	6A
Triscuits (Original mix)  	Monitor 66		108.00	11B
This Is How We Do It (Viceroy "Jet Life" Remix)	Montell Jordan	Summertime, All The Time	106.00	4B
Astero  Flow	Montezuma		140.00	Visit https://sophisticateddelinquency.bandcamp.com
Truth (feat. Beau Nox)	Moods	Electronic	121.00	2A - Energy 4
Got Somebody (Free Magic Dub)	Moon Boots		118.00	11A
Body	Moon Bounce		120.00	6B
Let's Get it	MoonDoctoR x FreshtillDef		160.00	4B
Woah	Moonshine/Ahadadream	Electro	128.00	7A
Peter Pan	Moonshine/Banga/ANDY S	Electro	130.00	12A
are you stoopid (dumb) (Florentino Remix)	Moonshine/Nate Husser/Dapapa/Florentino	Electro	120.00	7A
Shine Girl	Mostack;Stormzy	Rap/Hip Hop	104.00	10A
Delay Is Sinful	Mr. Alexis		123.45	
Tu Sicaria	Ms Nina;Beauty Brain	Rap/Hip Hop;Reggaeton;Reggae	98.00	7A
Brandy	MssingNo 		130.00	
Firefly (feat Nao)	MURA MASA	Bass	110.00	7B
Lovesick Fuck	MURA MASA	Bass	89.00	2A
Love$ick (feat. A$AP Rocky)	Mura Masa		89.00	2A
Miss You	Mura Masa 		87.97	3A
Move Me	Mura Masa & Octavian	Electrónica	105.00	
Complicated	Mura Masa ft. Nao		100.00	
Trabajo	Murda	Rap/Hip Hop	108.00	8A
DS9 Riddim (Original Mix)	Murder He Wrote	Funky	126.00	10A
Sirens (Original Mix)	Murder He Wrote	Funky	126.00	6A
That Love Featuring Maddie Ellerby	Murder He Wrote	Funky	127.03	9A
Dem Ways Dere !	Murdz	Funky	127.00	7B
One And Only	Murlo x Novelist 		144.98	3A
One And Only	Murlo x Novelist 		144.98	3A
Together	Murlo;Conducta	Alternative;Indie Rock;Electro;Techno/House;Dance	136.00	8A
Doja Cat - Juicy	Museekal		85.00	7A
Calabria ft. Soulely	MXTT HXLL		130.00	3A
MY BAE	MY BAE	Blues	134.00	2A
Midnight Dream	Myquale	Rap/Hip Hop	165.00	9A
Lemon - Mista Bibs Drop It Like Its Hot Edit (Dirty)	N.E.R.D. ft. Rihanna		95.00	12A
Matalo	Nafthaly Ramona;Hansie;James Watss	Rap/Hip Hop	96.00	5A
Paris (feat. Jordo)	Nakala	R&B/Soul	128.00	10A
Business Woman	Nathy Peluso	Rap/Hip Hop;Pop;Latin Pop	83.00	6A
Natikillah	Nathy Peluso	Rap/Hip Hop	89.01	5A
Miss Independent	Ne-Yo	R&B/Soul	171.00	3A
Show Me Love	Nick Pacoli		88.00	10A - Energy 4
Invocacion 	Nicola Cruz (Mp3)		90.00	11A
Mantis 	Nicola Cruz (Mp3)		105.00	3A
Sendero	Nicola Cruz (Mp3)		105.00	9A
Nicolas Jaar - And I Say (Xinobi Edit)	Nicolas Jaar		115.00	9A
Just A Girl	No Doubt	Pop	107.91	
U	Noah North	Pop	104.00	
Around (Solomun Vox)	Noir and Haze	Blues	115.00	4A
Hattrick	NurryDog		108.00	
You Are	NVOY	Dance	121.00	9A
Another Level	Olamide		100.00	
Anywhere We Go Featuring Lady Chann	Oli Weeks	Funky	126.00	7B
Get Down Saturday Night	Oliver Cheatham	Pop	117.13	
Get Down Saturday Night	Oliver Cheatham	Pop	117.13	10A
Dos Uno Nueve (219)	Omar Apollo	Alternative	100.28	
Frío	Omar Apollo	Latin Music	86.00	
Post To Be	Omarion ft. Chris Brown & Jhene Aiko	Abstract	97.50	3A
Baile Saboroso (Daniel Haaksman Edit)	Omulu + King Doudou	Tropical Bass	132.00	12A
OSDHDTT (Original mix) 	Origins Sound		125.00	9A
Weak (Original mix)	Origins Sound 		123.00	8B
Hey Ya!	OutKast	Rap/Hip Hop	159.01	9A
Frontline (Yussef Dayes Remix)	Pa Salieu	Rap/Hip Hop	135.00	
Frontline	Pa Salieu	Rap/Hip Hop	97.50	
~___~	Patchrik	:')	100.02	8B
pump it + get busy riddim (4 flips 4 days)	paul mond		93.00	9A
Madrugada	Pedro	Electro;Dance;Disco	126.00	
Stuck On You	Pedro/Bryte	Electro;Dance;Disco	130.00	
Toques	Pedro/Dkvpz	Electro;Dance;Disco	130.00	
Too Much	Pedro/Magugu	Electro;Dance;Disco	130.00	
Too Much	Pedro/Magugu	Electro;Dance;Disco	130.00	
No vox Mas	Pink Teeth Remix AWWZ		120.00	8A
In another room - Pional	PionaL		107.00	6A
You	Pitto		123.00	12A
10 - Playless - Feeling Inside (CD)	PLAYLESS		124.00	
03 Work to da bone	PLAYLESS		125.00	10B
Plezier Anthem (Original Mix) 	Plezier		130.00	6B
Life in Grey	Point Point		179.96	1B
Somateria	Polkadot		125.00	10A
Uwa	Pongo	Alternativo	142.00	5A
Flying Free (Original Mix)	Pont Aeri	Dance	158.07	
Golden Hour	Poolside	Daytime Disco	116.00	
Kiss You Forever	Poolside	Daytime Disco	96.00	
Do You Believe	Poolside	Daytime Disco	104.00	
For The Cause	Pote		127.00	9B
tropics	principal dean	Presex	123.00	12A
Coño	Puri;Jhorrmountain;Adje	Dance	100.00	9A
Metelo	Puri;Kilate Tesla;Adje;Dopebwoy	Rap/Hip Hop	100.00	7A
STICKY SITUATION (feat. Syd)	QUIÑ	R&B/Soul	130.00	2A - Energy 6
Feel	Quinoa Jones		110.00	
RCHIPHOP TO LIVE	Radiocontrol		101.58	
Purple Sky (Felix M. Dowell Remix)	Raheem Bakaré feat. Tanika		134.00	10B
Family Tree	Ramz		108.00	7A
303	raumskaya		80.00	2A
Cigarette (Dirty)	RAYE ft. Mabel & Stefflon Don		115.00	10B
Confidence	RAYE, Maleek Berry & Nana Rogues	R&B/Soul	103.00	2A
Rhythm 'N' Gash (Instrumental)	Rebound X		140.00	4B
4 Rounds	ReckLess Fam	Gqom	126.95	7A
Dumebi (S!RENE Edit)	Rema		109.97	10A
Woman	Rema		113.00	
Lovenvy	Renz Young	Rap/Hip Hop	135.00	1A
What It Meant	Renz Young	Rap/Hip Hop	81.00	7A
Work	Rihanna feat. Drake	Pop	184.00	2B
Birthday Cake - DJ Smerk Mayhem Bootleg	Rihanna ft. Chris Brown		100.00	6A
Rinse & Repeat - Preditah Remix	Riton ft. Kah-Lo		130.00	6A
Folie Dansante	Rolv.K		129.99	Visit https://sophisticateddelinquency.bandcamp.com
Down The Line (It Takes A Number)	Romare		88.00	3A
Blijf Bij Mij	Ronnie Flex;Maan	Pop	98.00	6B
Aute Cuture	Rosalía	Pop	100.00	8A
A Palé	Rosalía	Pop	123.01	6A
Con Altura	Rosalía;J Balvin;El Guincho	Pop	98.00	4A
Yo x Ti, Tu x Mi	Rosalía;Ozuna	Latin Music	92.00	2A
Long Range	Roska & Untold	UK Funky	127.00	2A
Glass	Round	Electronic	119.75	6A
2 People	Royal-T	Garage	132.00	3A
Breathe	Rubee Rayne 	Slowsex	105.00	4A
Take Me	RUFUS	Indie	124.00	8A
Gods (with UV boi فوق بنفسجي)	Ryan Hemsworth		147.01	1A
Yoghurt Gurl	S-Type	Aftersex	174.98	6A
Rover (feat. DTG)	S1mba;DTG	Rap/Hip Hop	108.00	
Coca Cola Shape (feat. Fat Man Scoop) (Sexy Body Remix)	Saha;Fatman Scoop	Reggae	96.15	4A
Shades of Grey (Plastic Plates Remix) (Bonus Track)	Sam Sparro	Electronic	110.00	
Sunshine Pulse (feat. SIROJ)	Sam Tiba		115.96	2A
Never-Ending	Sango	SOULECTION	137.00	2B
Na Hora (Ft. Faktiss & Chris McClenney)	Sango		124.00	3A
É Isso Aí (Ft. Carlos)	Sango		130.00	8A
diferente	Sansai	Sansai	135.00	
Isolated	Sau Poler		122.00	4A
ICY GRL	Saweetie	Rap/Hip Hop	103.22	8A
Tap In	Saweetie	Rap/Hip Hop	100.00	
Man of the Year (Royal-T Bootleg Dub)	Schoolboy Q	Garage	130.00	2A
Future Love	SCNTST 		120.06	5B
Gimme the Light	Sean Paul	Pop	107.18	7A
Like Glue	Sean Paul 		97.90	3B
Cochon Ville (Original Mix)	Sebastien Tellier	Disco/Nu-Disco	115.00	Record MakersREC 89
Sun Loop	Sega Bodega	Electronic	131.00	7B
Tucan Bounce	Seiho		116.99	1A
Clipping Music	Seiho		87.13	2A
I Feel RAVE	Seiho		129.99	4B
Underwater	Seiho		135.00	6B
GOLD	Seiho		117.00	6B
3D printer	Seiho		117.00	12B
Patsergedrag	Sevn Alias;Boef	Rap/Hip Hop	124.00	7A
Big Man	Sevn Alias;Mula B;Trobeats	Rap/Hip Hop	96.00	9A
Smart Aleck Kill (feat. Col3trane)	SG Lewis	Electronic	150.00	9A - Energy 5
Dobale	Shaybo	Rap/Hip Hop	97.00	
Ya Dun Know	Shaybo	Rap/Hip Hop	100.00	
i'm sorry (Original Mix)	Shiloh, Swell	Electronica / Downtempo	135.00	11A
MAIN STREET ELECTRICAL PARADE	Shinichi Osawa	Electronica/Dance	125.00	9B
Bo Peep (Do U Right)	Shlohmo ft. Jeremih		120.00	9A
K E E P  U P	Sicstyle		139.99	Visit https://sophisticateddelinquency.bandcamp.com
Bam Bam	Sister Nancy	Reggae	82.97	9A
Cause and Effect	Sivey		134.03	3A
Cause and Effect 	Sivey	SOULECTION	134.00	3A
Moving On (feat. Emmavie)	Sivey	Electronic	127.00	2A - Energy 6
I Wish (Radio Edit)	Skee-Lo	Hip-Hop/Rap	97.86	6A
Bad Man Thing	Skillibeng	Reggae;Dancehall/Ragga	100.00	7A
Where Are Ü Now (feat. Justin Bieber)	Skrillex & Diplo	Dance	140.00	9B
After Sun	Skygaze 	Blues	79.87	1A
Float (BSN Posse Rmx)	Skygaze 		160.00	6A
Netflix & Dusse	Smino	Hip-Hop/Rap	0.00	
Dimalo 8g (Eq2) 44_16	SNAKEHIPS		147.00	6A
Dimalo 8g (Eq2) 44_16	SNAKEHIPS		73.50	6A
Money Finished (feat. K.O.G)	SNØW;K.O.G	Pop	130.00	2A
Soft War - This Time Around (Original Mix)_community-music-dj.com	Softwar		118.00	3A
Cranes in the Sky	Solange	R&B/Soul	97.00	2B
Best Friends (Y//2//K Remix)	Sophia Grace		100.00	12A
Lemonade	Sophie	Bass	142.99	5B
Hard	Sophie	Bass	84.00	6B
Elle	Sophie	Electronic	119.91	10B
JUST LIKE WE NEVER SAID GOODBYE	SOPHIE	PC Music	143.00	5B
L.O.V.E.	SOPHIE	PC Music	143.90	1B
VYZEE	SOPHIE	PC Music	130.00	11B
MSMSMSM	SOPHIE	PC Music	133.50	10A
HARD	SOPHIE	PC Music	84.00	6B
LEMONADE	SOPHIE	PC Music	143.00	5B
ELLE	SOPHIE	PC Music	119.91	10B
BIPP	SOPHIE	PC Music	124.00	11B
Just Like We Never Said Goodbye (Radiocontrol edit)	SOPHIE		143.00	5B
JUST LIKE WE NEVER SAID GOODBYE	SOPHIE	PC Music	143.00	5B
LEMONADE	SOPHIE	PC Music	143.00	5B
Just Like We Never Said Goodbye (Radiocontrol edit)	SOPHIE		143.00	5B
Get ur Freak on (baile edit)	Soulely		130.00	4A
Raingurl (flip)	Soulely		130.00	5A
Soulely - Show Me Love (R&B Drill edit)	Soulely		74.00	2A
Visto	SPF		127.04	7A
One Dance	SRNO	Downtempo	126.97	5A - Energy 5
Keep It Movin' (feat. Rell Rock)	Stanton Warriors & Tony Quattro	Танцевальная музыка	126.00	4A
III/IV	Star Slinger		126.00	3A
Soco	Starboy;Wizkid;Ceeza Milli;Spotless;Terri		108.00	7A
Music sounds better with you (panda under the influence remix)	Stardust 		134.00	7B
Time Off	starRo & Kyle Dion	Electronic	80.00	7A - Energy 6
Ding-A-Ling (Clean)	Stefflon Don ft. Skepta		86.00	1A
Mauda	StéLouse 		145.00	3A
Airglows	Sterio & Robot Orchestra 	Presex	78.00	2A
Mami Dónde Estás?	Sticky M.a.;Juicy BAE;Jambo	Rap/Hip Hop	83.50	9A
Own It (feat. Ed Sheeran & Burna Boy)	Stormzy;Ed Sheeran;Burna Boy	Rap/Hip Hop	104.00	6A
Aura	Stwo	Other	139.78	7A
Stwo - Eden (oshi remix)	Stwo		121.00	6A
Thinking (Maths Time Joy Remix)	Submotion Orchestra		140.00	5A
Dumpling Dubplate (feat. Stylo G)	Surekoer;Stylo G	Rap/Hip Hop	96.00	
Tú Me Haces Sentir	Swallow X;Nico Miseria	Rap/Hip Hop;Pop	113.00	
Lyca (Jaded Remix)	Swarmz	Rap/Hip Hop	124.00	11A
I Got U	Sweater Beats		133.00	11A
Where You Are (feat. Bella Hunter)	Sweater Beats & Vindata	Electronica	140.00	9A
I'm Sorry (Feat. Shiloh)	Swell	Electrónica	135.00	11A
Pull Up	Swift	Hip-Hop/Rap	74.00	
All About Me	Syd	R&B/Soul	119.00	8A
Hollow	Syn & Doubt		126.00	11A
In My Arms	Synkro & Manos	Aftersex	85.00	5B
Chop & Screw	T.Williams	Funky	126.50	8A
Long Time No See (feat. Atu)	Ta-ku	Электронная музыка	114.02	7B
Trust Me	Ta-ku	Электронная музыка	146.00	2B
Uh	Ta-ku 	Aftersex	90.00	12A
Vegas (Joey Mccrilley Remix)	TÂCHES 		126.00	6B
The Dirt	Tapok	Electronica	134.00	6A
Kid U	Tarquin	Electronic	140.00	7B
Corona (Vocal Version)	TC4, Moad	Funky	128.00	7A
Secrets	Teen Flirt		127.99	3B
Walking With Elephants (Original Mix) 	Ten Walls		120.00	8A
Лев (Kolya Funk Radio Mix)	Tenca	Rap/Hip Hop	105.00	
Blue Face - Thotiana (Tera Kora & Paul Mond remix) bust down senorita	Tera Kora & Paul Mond		104.00	
Telepathy (feat Olivia Louise)	Terror Danjah & Zed Bias	Bass	99.00	6A
The champ extended mix	The mohawks	Blues	108.00	8B
just a flow	the other side		130.00	7B
Ed Reed Jersey	The Range	Aftersex	95.98	11B
At Night by The Rub	The Rub	Electronic	129.98	4A
The Hills	The Weeknd	R&B/Soul	113.00	5A
Can't Feel My Face	The Weeknd	R&B/Soul	108.00	8A
The Morning (Atlantic Connection mix)	The Weeknd	Electronic	140.00	11B
fly girl	thomas white	Sex	125.00	8A
kiskisspatlok	Thugedit		120.00	7B
Them Changes	Thundercat	R&B/Soul	81.70	2A
Ponto Ai Amor	Ticklish	Baile Funk	129.00	
Make It Rain	Ticklish & Qnoe		75.00	9A
Cold Sweat	Tinashe	R&B/Soul	129.84	2A
Faded Love - DJ Serg Sniper Re-Drum (Clean)	Tinashe ft. Future		100.00	4A
Top Winners (feat. Not3s)	Tinie;Not3s	Rap/Hip Hop	108.00	
Don't Tell Nobody (Falcons Bootleg)	Tink Ft. Jeremih	Sex extasis	134.00	5A
I'm On (Clean)	Tion Wayne ft. Kojo Funds		102.00	4A - Energy 6
Oye Oye Va (Kayman Rework)	Tito Puente		125.00	8A - Energy 7
Shake	TJ Groover		126.00	
Nothing (LO EDIT)	TJPN & LO 		130.00	7B
Waterfalls	TLC	R&B/Soul	85.89	5B
Higher Ground	TNGHT	Trap, EDM, Warp, Master, Publishing, Instrumental, Vocal FX	160.74	11A
Day 2: Feeling (feat. Novelist)	Tom Misch	Alternative	144.01	12A - Energy 6
Zulu Carnival	Tony Quattro		126.00	10B
Affairage	Toofan		120.00	8A
RIDE (Falcons Bootleg)	Tory Lanez	Presex	132.01	12A
Slowments	Touch Sensitive	Aftersex	110.00	12B
Run	Tourist	Electronic	126.00	3B
goosebumps	Travis Scott	Hip-Hop/Rap	130.00	9A
HIGHEST IN THE ROOM	Travis Scott	Rap/Hip Hop	153.00	
Mahabbah	Tropkillaz	Electronic	103.00	8A
Recognise Real	TroyBoi		130.00	8A
og-bobby	TweRL		176.00	4A
So Am I	Ty Dolla $ign ft. Damian Marley & Skrillex		85.00	8A - Energy 7
1 of 1 (Original Mix)	Tyga	Hip-Hop	98.00	3A
Faded (Explicit) ft. Lil Wayne	Tyga		95.02	8B
SWISH (Dirty)	Tyga		105.00	
Taste - CHILDSPLAY Remix (Dirty)	Tyga ft. Offset		103.00	4A
Hookah	Tyga;Young Thug	Rap/Hip Hop	95.00	11B
Masquerade	Umii, Reva DeVito & B. Bravo	Soul	107.20	4B - Energy 5
Sico Vox - Pump Up The Jam	Up. Records	Other	128.00	
Break Point	UZ	Hip-Hop	105.00	6B
BUK	Valsbezig	Rap/Hip Hop	102.00	4A
2 Step (Crazy Cousinz Remix) Featuring Doctor	Vato Gonzalez	Funky	123.00	5A
Ghost (feat. Vince Staples) (Original Mix)	Vince Staples, With You.	Hip-Hop	114.00	8A
Anoché	Von Alexander	Rap/Hip Hop	81.00	12A
Always Forever (Debukas Remix)	Vondelpark	Electronic	118.00	4A
Clarks (feat. Popcaan & Gaza Slim)	Vybz Kartel	Reggae	99.00	5B
Proper English	Vybz Kartel	Modern Dancehall	87.30	4A
Real Bad Gal	Vybz Kartel	Reggae	100.00	5A
Under Water	Vybz Kartel	Reggae;Dancehall/Ragga	93.00	4A
My PYT [OFFICIAL MUSIC VIDEO]	Wale 		97.00	8A
Messeh	Walter Ego		133.00	6B
Fruit Punch	Walter Ego	UK Funky	128.00	7A
Tur-Key Nla	Wande Coal	Rap/Hip Hop	125.00	8A
Marvin	Wayward 		115.00	3B
Alone (Original Mix)	WD2N	Indie Dance / Nu Disco	123.00	4A
love falls	wesley™		103.38	4A
Move Me (TÂCHES Remix)	Wet		117.00	8A
With U Feat. KDN	Whynot		86.04	3B - Energy 6
Sapphire	Wi-Fiji	<3	113.98	5B
Boasty (Grandtheft x Wuki Dub)	Wiley & Sean Paul & Stefflon Don feat. Idris Elba		124.00	2A
Let U Know Ft. Zilo	Wilfred Giroux		130.00	10A
Daddy Yo	Wizkid		99.00	8A
No Stress	Wizkid		100.00	
Essence (feat. Tems)	Wizkid;Tems	R&B	104.00	8A
Witching Hour	XXYYXX		133.00	11B
Tik Tok (Y2K & ALIZZZ REMIX)	Y2K & Alizzz	Electrónica	132.00	9A
Toxic (BSN Posse -Addicted 2 You- Rework)Ownmaster V.3	Yael Naim 		160.00	2A
If You Leave	Yahtzel		145.00	9A
Lean	Yaw Mini	Afrobeat	92.00	7A
Vem Pro Beco	YBRYD		150.00	Visit https://sophisticateddelinquency.bandcamp.com
Talk Less	Ye Ali	R&B	90.00	8B
Johnny	Yemi Alade	Músicas del mundo	125.00	6A
New Bike	Yibril Rue;Mishii	Rap/Hip Hop;Dirty South	118.00	6B
We Back	Youan		124.00	3A
4x4	Young T & Bugsey	Hip-Hop	104.00	11A - Energy 5
Don't Rush	Young T & Bugsey;Headie One	Rap/Hip Hop	108.00	12A
OEFF	Yung Felix;Poke	Rap/Hip Hop	120.00	12B
Mr Lova	Yung Felix;Zefanio;Ir Sais	Rap/Hip Hop	95.00	5A
Kyoto (Habstrakt Flip)	Yung Lean		120.00	10A
Lovely	YYIOY		134.01	3A
OH	YYIOY		140.00	8A
Hold Me	YYIOY		125.00	4A
Lovely	YYIOY		134.00	3A
OH	YYIOY		140.00	8A
Hold Me	YYIOY		125.00	4A
CAN YOU ALL REALLY FEEL ME	YYIOY		132.00	5A
Wait For	Yyioy		132.01	5A
MUNDIAN TO BACH KE YYIOY x Tearss Club Edit	YYIOY x Tearss Club		128.00	5B
Heatbroken YYIOY Bootleg	YYOIY		132.00	5A
Dun Talk (Zoltan Remix) Featuring Riko Dan	Ziro	Funky	128.00	8A
ANDROMEDA	Lauren nine		87.96	
VOODOO	Lauren nine		85.50	
INSTANTES	Lauren nine		119.08	
FOREVER YOURS	Lauren nine		140.00	
SURT DEL MEU CAP	Lauren nine		102.00	
NAUGHTY WORLD 	Lauren nine		100.00	
SOMEBODY	Lauren nine		84.76	
ME VOY PAL CIELO	Lauren nine		120.00	
METAMORFICA	Lauren nine		128.00	
DIME QUÉ QUIERES SABER	Lauren nine		130.00	
ROSE QUARZT	Lauren nine		115.00	
MARINERO	Lauren nine		82.50	