,name,artist,youtube_id,youtube_title,youtube_published,youtube_views,youtube_duration,youtube_duration_sec,youtube_channel,n_comments,genre,average_bpm
2,Microdosing,070 Shake,R6oPVSQpmAo,070 Shake - Microdosing (Official Audio),1 year ago,151271.0,3:41,221.0,070 Shake,108,Alternative,93.0
19,"It's a Vibe (feat. Ty Dolla $ign, Trey Songz & Jhené Aiko)",2 Chainz,tU3p6mz-uxU,"2 Chainz - It's A Vibe ft. Ty Dolla $ign, Trey Songz, Jhené Aiko (Official Music Video)",4 years ago,134620537.0,3:20,200.0,2 Chainz,2293,Hip-Hop/Rap,73.01
43,Bad Riddim,A-Star,rdd6hmakuwQ,A-Star - Bad Riddim (Official Music Video) #BadRiddimChallenge,1 year ago,718879.0,2:52,172.0,A-Star,203,Pop;International Pop,130.0
56,Beautiful (Rustie Edit),A. G. Cook,gMPtgYPW7Iw,A. G. Cook - Beautiful (Rustie Edit) (official),6 years ago,214634.0,3:34,214.0,LuckyMe Records,79,Other,141.99
92,Fruit,ABRA,CI1g4dnDtao,ABRA - Fruit (Official Music Video),5 years ago,19842290.0,5:33,333.0,Awful Records,1967,R&B/Soul,120.0
93,Nana,Acid Pauli,g2-k0vHX0FQ,Acid Pauli - Nana (Original Mix),3 years ago,93129.0,9:23,563.0,Misho Zindrishvili,18,Electrónica,124.0
115,Drogba (Joanna),Afro B,9YqecbxSr4A,Afro B - Drogba (Joanna) Prod by Team Salut [Official Music Video],2 years ago,139486467.0,3:23,203.0,Afro B,1014,Rap/Hip Hop,108.0
126,They Know,Afro B;Tion Wayne,kIZyqRil0r8,Afro B - AFROWAVE 2 - 03. They Know (ft. Tion Wayne) [Official Audio],3 years ago,50716.0,3:41,221.0,Afro B,10,Rap/Hip Hop,93.0
169,Look,Aidonia,JoRaz9gBDxE,Aidonia - Look (Official Video),1 year ago,2671570.0,2:42,162.0,AidoniaVEVO,1815,Reggae;Dancehall/Ragga,100.0
194,TELÉFONO,Aitana,bHTfTPIMnaw,Aitana - TELÉFONO,3 years ago,100853932.0,2:44,164.0,Aitana,1345,Pop;Latin Music,86.0
204,Chase,AJ & Deano,3KFdsS_nQfQ,AJ x Deno - Chase (Official Video),4 years ago,2021718.0,3:33,213.0,Deno Driz,760,,102.0
258,Peligrosa,Aleesha;$kyhook;InnerCut,6ju3gpPQUcc,"ALEESHA, $kyhook & InnerCut - PELIGROSA",2 years ago,326628.0,2:46,166.0,Aleesha,242,Rap/Hip Hop,105.0
270,56,Aleesha;Mike Snell,hTRy1BxuUto,Aleesha - 56,1 year ago,1531767.0,1:47,107.0,Aleesha,829,Pop,98.98
272,Sweating,Alewya,AaA8UbpxrKg,Alewya - Sweating (Official Video),1 year ago,3018596.0,3:42,222.0,Alewya,1265,Rap/Hip Hop,102.0
284,Peanut Butter (Moon Boots Remix),Alison Valentine,_mfpwPPBEjs,Alison Valentine - Peanut Butter (Moon Boots Remix),8 years ago,687117.0,5:13,313.0,Majestic Casual,158, ,103.0
349,pop ur pussy (master),ALIZZZ - C. TANGANA,s4MXRMqwTLY,C. Tangana - Pop Ur Pussy (Audio),3 years ago,955993.0,3:38,218.0,C. Tangana,118,,95.0
363,Número 10,Alizzz;MC Buzzz;Mc Bin Laden,PVTrmeAcbY4,MC Buzzz & MC Bin Laden - Número 10 (Prod. Alizzz),1 year ago,50308.0,2:29,149.0,Whoa Music,44,Latin Music,124.97
417,Follow Me (Erik Hagleton Rework) (Strictly Rhythm) Out March 31,Aly-Us,mGjAoHXyph8,Aly-Us - Follow Me (Erik Hagleton Rework) (Strictly Rhythm) Out March 31,4 years ago,52647.0,5:45,345.0,Erik Hagleton,24,,124.0
432,Heart-Shaped Box,Amber Mark,7fbvkNmRrjA,Amber Mark - Heart-Shaped Box (Nirvana Cover),1 year ago,32699.0,2:51,171.0,David Dean Burkhart,35,R&B,80.91
461,How Can She,Amtrac,hhBO6hwZxSs,Amtrac - How Can She (Original Mix),8 years ago,59160.0,7:58,478.0,LowkeyAssNetwork,23,,125.0
488,Those Days (Original Mix),Amtrac,hg8Nl40e1Kc,Amtrac - Those Days (Original Mix),8 years ago,218623.0,7:02,422.0,Amtrac,45,,124.0
522,Precious Possession,Anna Wise,zVs20YmfQKE,"""Precious Possession"" - Anna Wise OFFICIAL AUDIO",5 years ago,331764.0,3:47,227.0,Anna Wise,172,Alternative,138.0
539,Karma,Aquihayaquihay,Q3Tkq6BY9PA,AQUIHAYAQUIHAY - Karma,2 years ago,1998825.0,2:29,149.0,Finesse Records,490,Latin Music,139.0
561,"break up with your girlfriend, i'm bored",Ariana Grande,LH4Y1ZUUx2g,"Ariana Grande - break up with your girlfriend, i'm bored (Official Video)",2 years ago,445947452.0,3:25,205.0,Ariana Grande,673,Pop,85.0
587,ROXANNE,Arizona Zervas,16YnOUnbE6s,Arizona Zervas - ROXANNE (Official Video),1 year ago,148143890.0,2:51,171.0,Arizona Zervas,523,Rap/Hip Hop,87.5
601,Alone With You,Ashlee,1OhQbqRwdKo,Ashlee - Alone With You (Official Audio),2 years ago,5696615.0,3:17,197.0,Ashlee,693,R&B,104.0
646,PNTHR,Athletixx,wr7dmhpGeIM,Athletixx - PNTHR,5 years ago,16834.0,3:22,202.0,Fool's Gold Records,11,Club,126.0
665,Cyanide,AutoLaser,7DQO-rzzjXo,Autolaser - Cyanide,6 years ago,692291.0,4:11,251.0,Trap City,132,Sex,137.0
677,Boasy,Avelino;Not3s,sD0V4v4t7Rs,Avelino ft. Not3s - Boasy [Music Video] | GRM Daily,3 years ago,3860723.0,2:45,165.0,GRM Daily,386,Rap/Hip Hop,108.0
740,The Big Big Beat,Azealia Banks ,PXUfBxMbC3A,Azealia Banks - The Big Big Beat,5 years ago,21332462.0,3:56,236.0,Azealia Banks,1612,,121.93
758,One Touch (feat. AlunaGeorge a,Baauer,gxApr8QnlGY,Baauer - One Touch (ft. AlunaGeorge & Rae Sremmurd),4 years ago,24437889.0,3:36,216.0,TrapMusicHDTV,1952,Dance,96.0
792,A Tu Merced,Bad Bunny,ublf6qfpuuo,BAD BUNNY - A TU MERCED | YHLQMDLG [Visualizer],1 year ago,161528188.0,2:56,176.0,Bad Bunny,1621,Reggaeton;Latin Music,92.0
843,P FKN R,Bad Bunny;Kendo Kaponi;Arcangel,1FmFxG3Dfi8,BAD BUNNY x KENDO KAPONI x ARCANGEL - P FKN R | YHLQMDLG [Visualizer],1 year ago,31379733.0,4:19,259.0,Bad Bunny,2403,Reggaeton;Latin Music,100.95
866,Blink (Prod. DJ Florentino) (feat. El Guincho & Florentino),Bad Gyal,Q1DaQA7bW80,Bad Gyal - Blink (Prod. DJ Florentino),3 years ago,3574884.0,4:12,252.0,Bad Gyal,648,Hip-Hop/Rap,94.0
895,Santa Maria,Bad Gyal;Busy Signal,wlJeZvdlx4E,Bad Gyal - Santa Maria ft. Busy Signal,2 years ago,21203554.0,2:36,156.0,Bad Gyal,2144,Pop;Latin Music,107.0
896,Live Up To My Name (Dirty),Baka Not Nice,1CG42XV0LOE,BAKA NOT NICE - Live Up To My Name (Official Video),4 years ago,14575154.0,3:04,184.0,BAKA NOT NICE,2005,,130.0
906,Baza Ba Skivere,Bala Bala Boyz,y1t3JhPlaPs,Bala Bala Boyz - Baza Ba Skivere,2 years ago,266613.0,3:15,195.0,NTS,19,Dance,124.0
930,Heirloom,Basenji,Ki300WC61UE,Basenji - Heirloom [Official Music Video],6 years ago,461892.0,3:29,209.0,Future Classic,227,,145.0
950,Dawn,Basenji,sfO8NkUF2AY,Basenji - Dawn,7 years ago,2503361.0,3:21,201.0,TheSoundYouNeed,321,,120.0
973,Mad Gaal,BEAM,XXZBPKBDEJE,BEAM - MAD GAAL (Audio),1 year ago,172978.0,2:20,140.0,whoisbeam,52,Hip-Hop/Rap,100.0
998,Blade (Tidal Wave Of Love) Demo,Ben Khan,rtrFTtEPCl4,Ben Khan | Blade (Tidal Wave Of Love) Demo,5 years ago,116280.0,3:10,190.0,Ben Khan,81,,123.0
1030,Fallin Love (Cashmere Cat Remix),BenZel,E73RoXCUj4A,BenZel - Fallin Love (Cashmere Cat Remix) [FREE DL],8 years ago,66157.0,3:32,212.0,Run The Trap,17,,140.0
1067,Baby Boy,Beyoncé;Sean Paul,8ucz_pm3LX8,Beyoncé - Baby Boy (Video) ft. Sean Paul,11 years ago,143103000.0,4:10,250.0,Beyoncé,1430,Pop;R&B,91.14
1087,Badman Ollo,Bizzey;Yung Felix;Josylvio;3robi,49PWgKvGHPY,Bizzey x Yung Felix x Josylvio - Badman Ollo ft. 3Robi,4 years ago,10367929.0,3:53,233.0,noahsarklabel,879,Rap/Hip Hop,108.0
1121,Ramen Noodles,Bizzy Crook,SKrDawdUkRQ,Bizzy Crook - Ramen Noodles (Official Music Video),1 year ago,47905.0,3:17,197.0,Bizzy Crook,47,Rap/Hip Hop,79.0
1133,RITMO (Bad Boys For Life),Black Eyed Peas;J Balvin,EzKkl64rRbM,"Black Eyed Peas, J Balvin - RITMO (Bad Boys For Life) (Official Music Video)",1 year ago,920149493.0,3:39,219.0,Black Eyed Peas,1156,Pop,105.0
1151,Really Love,Body Language,P-uzKBPCyBU,Body Language - Really Love (Official Video),6 years ago,96163.0,4:08,248.0,Body Language,31,Pop,81.0
1153,Melba's Call (feat. Kelela),Bok Bok,iprGdZfZe1k,BOK BOK featuring KELELA - Melba's Call,7 years ago,196921.0,4:12,252.0,Night Slugs,66,Bass,140.0
1166,Gold (Star Slinger Refix),Bondax,CJrImCJWz18,Bondax - Gold (Star Slinger Refix),8 years ago,41264.0,4:28,268.0,Bondax,17,,125.0
1171,Millions de mélos,Bramsito;Soprano,0Tq8UljdY-Y,Bramsito - Millions De Mélos ft. Soprano,2 years ago,6984845.0,3:08,188.0,Bramsito,839,Rap/Hip Hop,126.0
1183,Lucuma,Branko & Dengue Dengue Dengue,dr8XNLJJI5g,Branko & Dengue Dengue Dengue - Lucuma,2 years ago,36761.0,3:16,196.0,Branko,13,Electronic / Pop / Bass,130.0
1195,MPTS,Branko/Pedro,gbHGi2aWxEU,Branko & PEDRO - MPTS (Chords Version),2 years ago,190096.0,3:19,199.0,Branko,63,Electro;Dance;Disco,127.0
1298,Batty Rider,Buju Banton,r_CnegWUtXs,Buju Banton- Batty Rider,10 years ago,631169.0,3:59,239.0,Dungababylon,100,Reggae,97.58
1327,Anybody,Burna Boy,so4dgTRaWFk,Burna Boy - Anybody [Official Music Video],2 years ago,46880333.0,3:16,196.0,Burna Boy,2659,,104.0
1352,Collateral Damage,Burna Boy,XogujO9Cuko,Burna Boy - Collateral Damage [Official Audio],2 years ago,13312066.0,3:18,198.0,Burna Boy,858,,102.0
1363,Show & Tell (feat. Future),Burna Boy;Future,afcdzjMw_8k,Burna Boy - Show & Tell (feat. Future) [prod. by Dre Skull & Skrillex] (Official Audio),2 years ago,876188.0,2:43,163.0,Burna Boy,218,,100.0
1364,Gum Body (feat. Jorja Smith),Burna Boy;Jorja Smith,iN2J9i5B6Ac,Burna Boy - Gum Body (Feat. Jorja Smith) [Official Music Video],1 year ago,33402602.0,3:21,201.0,Burna Boy,2072,Rap/Hip Hop,97.0
1365,This Side (feat. YG),Burna Boy;YG,tDtJ9k9ofEg,Burna Boy - This Side (feat. YG) [Official Audio],2 years ago,999945.0,3:23,203.0,Burna Boy,319,,100.0
1367,Antes de Morirme (feat. Rosalía),C. Tangana,RxKVWs_qYBk,C. Tangana - Antes de morirme feat. Rosalía (Video Oficial),5 years ago,100563514.0,3:30,210.0,AgzTv,1615,Pop,196.0
1390,De Pie,C. Tangana,7r_wlaXc6LY,C. Tangana - De Pie (Audio),3 years ago,4947560.0,2:53,173.0,C. Tangana,619,,100.0
1410,Bien Duro,C. Tangana,YMNL8m0uDKM,C. Tangana - Bien Duro (Video Oficial),3 years ago,21969762.0,3:18,198.0,C. Tangana,2161,Rap/Hip Hop;Pop;Latin Pop;Latin Music,101.0
1421,Demasiadas Mujeres,C. Tangana,ZlFri4ez_lE,C. Tangana - Demasiadas Mujeres (Video Oficial),9 months ago,25318870.0,2:48,168.0,C. Tangana,2060,Rap/Hip Hop,126.0
1422,Yelo,C. Tangana;Alizzz,2BlYXAlRF7I,C. Tangana - Yelo (Video Oficial),1 year ago,7828690.0,3:25,205.0,C. Tangana,1921,Rap/Hip Hop;Latin Music,135.0
1450,Viene y Va,C. Tangana;Natti Natasha,o_eyBJy9w5E,"C. Tangana, Natti Natasha - Viene y Va (Video Oficial)",1 year ago,19135506.0,3:27,207.0,C. Tangana,1899,Rap/Hip Hop;Latin Music,99.0
1454,Tú Me Dejaste De Querer (feat. Niño de Elche & La Hungara),C. Tangana;Niño de Elche;La Hungara,ltmO9XQVdSg,"C. Tangana, Niño de Elche, La Hungara - Tú Me Dejaste De Querer",8 months ago,127618632.0,3:18,198.0,C. Tangana,999,Rap/Hip Hop,84.0
1476,Small Boy,C.P;ShockTown,Y4i82AHk80k,CP x Shocktown - Small Boy (Music Video) | @MixtapeMadness,1 year ago,40867.0,3:37,217.0,Mixtape Madness,38,Rap/Hip Hop,100.0
1490,"Up Inna (Beam, Cham & Alicai Harley Remix)",Cadenza;M.I.A.;GuiltyBeatz;Beam;Cham;Alicaì Harley,mrTrQBN9R2E,"Cadenza - Cadenza x M.I.A x GuiltyBeatz - Up Inna (BEAM, Cham & Alicai Harley Remix)",11 months ago,9110.0,3:47,227.0,CadenzaVEVO,10,Electro;Dance,123.0
1491,Summer (Mike Stud Cover),Calvin Harris,gtZnpYFRPsY,Calvin Harris - Summer (Mike Stud Remix) [No Copyright Music],4 years ago,340162.0,2:46,166.0,YouTubers Music,76,Other,130.0
1508,Kelegbe,Candy Bleakz,Mq_JEcVOBAY,Candy Bleakz - Kelegbe (Official Video),1 year ago,373406.0,3:03,183.0,Candy Bleakz,132,African Music,122.0
1520,I Like It,Cardi B;Bad Bunny;J Balvin,xTlNMmZKwpA,"Cardi B, Bad Bunny & J Balvin - I Like It [Official Music Video]",3 years ago,1376747539.0,4:17,257.0,Cardi B,369,Rap/Hip Hop,136.0
1540,Can't Do Without You,Caribou,BI2Et19vDCM,CARIBOU - Can't Do Without You,7 years ago,11528172.0,3:57,237.0,CaribouVideos,732,,128.0
1553,With Me (Infuze Remix),Cashmere Cat,v2YvrzR2ZQI,Cashmere Cat - With Me (Infuze Remix),7 years ago,326347.0,3:56,236.0,AirwaveMusicTV,69,Sex,140.0
1560,Adore feat Ariana Grande (MssingNo Remix),Cashmere Cat,D74zYdbPN9Y,Cashmere Cat - Adore Feat Ariana Grande (MssingNo Remix),6 years ago,70601.0,4:11,251.0,Unconventional Reality,13,,140.0
1644,Twist and Shout,Chaka Demus & Pliers,x90NoBIW87Q,Chaka Demus & Pliers - Twist and Shout Feat. Jack Radics,14 years ago,6238376.0,3:55,235.0,classicsonline,128,Reggae,128.0
1645,Lighter VIP,Champion,dB4MovYcQTE,Champion - Lighter VIP,9 years ago,89507.0,4:34,274.0,Geebo Geebo,31,Funky,130.0
1649,Vroom Vroom,Charli XCX,qfAqtFuGjWM,Charli XCX - Vroom Vroom [Official Video],5 years ago,13952139.0,3:23,203.0,Vroom Vroom Recordings,1819,Electronic / Pop / Hip-Hop,151.0
1692,Glow,Chiefs & CRNKN ,E7Ha_ty7rjs,Chiefs & CRNKN - Glow,6 years ago,224745.0,3:32,212.0,SuicideSheeep,45,,75.0
1759,Centiped,Childish Gambino,3ekR3wYoIEU,Childish Gambino - Centipede - Lyrics,6 years ago,311408.0,5:59,359.0,FG,57,,90.0
1771,This Is America (Dirty),Childish Gambino,VYOjWnS4cMY,Childish Gambino - This Is America (Official Video),3 years ago,787552154.0,4:05,245.0,Donald Glover,69,,120.0
1810,Pills & Automobiles,"Chris Brown Ft. Yo Gotti, A Boogie Wit Da Hoodie & Kodak Black",GTexe8c0eqw,Pills & Automobiles (Official Video),3 years ago,316993303.0,4:53,293.0,Chris Brown,837,,72.5
1824,Kumbaza,Chuckie,JrM0hqKjT4E,Chuckie - Kumbaza [DDM104],3 years ago,59964.0,2:39,159.0,dirtydutchtv,12,,128.0
1835,Level Up,Ciara,Dh-ULbQmmF8,Ciara - Level Up,3 years ago,304161696.0,3:32,212.0,Ciara,989,,153.0
1850,No Eyes Feat. Jaw (Original Mix) ,Claptone,CXyVMvlS1NU,Claptone - No Eyes (feat. Jaw),6 years ago,54555389.0,6:59,419.0,CLAPTONE,1056,,120.0
1886,Evening Ever,Clu,uJ_yIxG5Hbs,Clu - Evening Ever,9 years ago,83119.0,5:31,331.0,Eton Messy,49,Presex,139.95
1906,Be Yourself,Codec,6Fii-a9OoRI,Codec - Be Yourself,8 years ago,55714.0,5:26,326.0,SubSoul,34,Bass,126.0
1918,Turning (Flume Remix),Collarbones,tjdvjcz9ssE,Collarbones - Turning (Flume Remix),6 years ago,4195954.0,5:35,335.0,Flume,808,Electronic/Future Pop,116.0
1948,Let Go (VIP),Conducta,vQQyOJJGNNg,Conducta - Let Go (VIP),6 years ago,28132.0,5:01,301.0,Bassness Music,12,,136.01
1966,Steezing (feat. Coco & J'Danna),Conducta;Coco;J'Danna,nkyA5I__yHY,Conducta - Steezing (Ft. Coco & J'Danna),2 years ago,111028.0,2:48,168.0,DEEPROT,164,Alternative;Indie Rock;Dance,138.0
2000,"Wanna Go (feat. Mina Rose, Coco & Big Zuu)",Conducta;Mina Rose;Coco;Big Zuu,ZdBN442fQHk,"Conducta ft. Coco, Big Zuu & Mina Rose - Wanna Go [Music Video] | GRM Daily",3 years ago,24301.0,2:45,165.0,GRM Daily,34,Alternative;Indie Rock;Dance,136.0
2076,María,Coral Casino,zNGhf09qFDc,Coral Casino - María (Video Oficial),3 years ago,168918.0,3:00,180.0,Finesse Records,51,Alternative;Latin Music,129.99
2101,Live In The Moment,Craig David ft. GoldLink,osJkdwQypbk,Craig David - Live in the Moment (Audio) ft. GoldLink,3 years ago,437912.0,3:07,187.0,Craig David,219,,103.01
2135,TLC,Cruz Cafuné;Maikel Delacalle,990LewlCGpc,CRUZ CAFUNÉ - TLC (ft. MAIKEL DELACALLE) [CLIP],6 months ago,803113.0,3:27,207.0,Cruz Cafuné,399,Rap/Hip Hop;R&B,115.0
2175,Perfect Form,Cyril Hahn feat. Shy Girls ,4EyZJXGVRO0,Cyril Hahn - Perfect Form (feat. Shy Girls),8 years ago,1649814.0,4:54,294.0,Majestic Casual,396,,123.0
2202,Better,Dallas Hill,DxPFvNEd6fA,"Dallas Hill - ""Better""",4 years ago,72893.0,3:18,198.0,Dallas Hill,31,Hip-Hop/Rap,95.0
2224,Get You (feat. Kali Uchis),Daniel Caesar,uQFVqltOXRg,Daniel Caesar - Get You ft. Kali Uchis [Official Video],4 years ago,190650565.0,4:31,271.0,Daniel Caesar,423,R&B/Soul,148.0
2263,Lil Bebe,DaniLeigh,qOQEcbL6NR4,DaniLeigh - Lil Bebe (Official Video),2 years ago,93273410.0,2:55,175.0,iamDaniLeigh,1829,Rap/Hip Hop,136.0
2274,All I Know,DaniLeigh ft. Kes,arBGsVzhfB8,DaniLeigh - All I Know ft. Kes (Official Video),3 years ago,4776075.0,2:49,169.0,iamDaniLeigh,1220,,95.0
2289,Broken Flowers,Danny L Harle,OwpP6gNiIWE,Danny L Harle - Broken Flowers,5 years ago,1988474.0,3:23,203.0,Danny L Harle,508,,122.0
2307,Awake for Hours,Danny L Harle,IIKVF-HnQ6A,Danny L Harle - Awake for Hours (Official Audio),5 years ago,80568.0,3:33,213.0,Danny L Harle,54,,93.23
2334,Alicia,Darius & Crayon,D0UCC7Esd4Y,Darius & Crayon - Alicia,8 years ago,2854973.0,4:30,270.0,Majestic Casual,399,,112.0
2359,Ends,Darrein Safron,LqYmFuyUl_Y,Darrein Safron - Ends - OFFICIAL MUSIC VIDEO,3 years ago,74616.0,2:53,173.0,Strange Music Inc,190,R&B/Soul,82.0
2377,All Your Goodies Are Gone feat. Mayer Hawthorne (Shigeto remix),Dennis Coffey,Bf13scwJuCA,Dennis Coffey - All Your Goodies Are Gone (feat. Mayer Hawthorne) (Shigeto Remix),7 years ago,440981.0,3:44,224.0,Majestic Casual,77,Electronic Soul,109.5
2403,Up (Audio),Desiigner ,WcMEHnPJ6eU,Desiigner - Up (Audio),4 years ago,8855812.0,3:56,236.0,Desiigner LOD,1944,,72.0
2418,You & Me (feat. Eliza Doolittle) (Flume Remix),Disclosure,8x-M7AkTvrQ,Disclosure - You & Me (Flume Remix) [Official Video],7 years ago,53468624.0,4:38,278.0,Flume,2213,,150.0
2453,Disclosure - Tenderly (Melé Remix),Disclosure,nUFFMXlCD7Q,Disclosure - Tenderly (Melé Remix),9 years ago,87480.0,4:22,262.0,SubSoul,17,,148.0
2492,Holding On (feat. Gregory Porter),Disclosure,gVN6FqPpChQ,Disclosure - Holding On (Official Audio) ft. Gregory Porter,6 years ago,16452901.0,5:13,313.0,Disclosure,1251,Электронная музыка,124.0
2571,GhanaBoyz Challenge (SOMJI Edition) [feat. Manlikestunna],DJ Flex,5T3DFKUmHHU,DJ Flex - GhanaBoyz Challenge Feat. ManLikeStunna & Asante Jr (SOMJI Edition),3 years ago,339545.0,1:58,118.0,DJ Flex,34,Músicas del mundo,138.0
2600,Good Comfort,DJ Frass;Shenseea,WziVs0x7VoI,Shenseea x DJ Frass - Good Comfort (Official Audio),1 year ago,1560740.0,2:15,135.0,Shenseea,802,Reggae,100.0
2623,"Olhei, gostei (feat. Ludmilla)",DJ Lindão;Ludmilla,Q3tNBHKH0l0,LUDMILLA E DJ LINDÃO - OLHEI GOSTEI ( Audio Oficial ),1 year ago,2962298.0,2:36,156.0,DJ LINDÃO OFICIAL,232,Brazilian Music;Soul & Funk,150.0
2636,Be Mine (feat Kai Ryder),DJ Q,C20mraLPCZY,DJ Q feat. Kai Ryder - Be Mine,7 years ago,73982.0,5:10,310.0,DEEPROT,12,Bass,132.0
2658,Fuck It up Challenge,DJ Telly Tellz,ul_Z7GE1O4A,DJ TELLY TELLZ   FUCK IT UP CHALLENGE,4 years ago,6347377.0,1:36,96.0,Woudell Jn.baptiste,569,Dance,155.21
2660,Mafa Mafa,DMW;DaVido;The Flowolf;Peruzzi;Dremo,oBq3DysPtdY,"DMW - Mafa Mafa feat. Davido, The Flowolf, Peruzzi & Dremo (Official Video)",1 year ago,1041181.0,2:47,167.0,DMW HQ,531,Pop,121.0
2674,Juicy - by Museekal,Doja Cat,YIALlhlyqO4,"Doja Cat, Tyga - Juicy (Official Video)",1 year ago,230618980.0,3:19,199.0,Doja Cat,597,,85.0
2689,Contando Lunares (feat. Cruz Cafuné),Don Patricio;Cruz Cafuné,IWELYcYYhWc,"DON PATRICIO, CRUZ CAFUNÉ - CONTANDO LUNARES",2 years ago,152592468.0,3:40,220.0,Don Patricio,1514,Rap/Hip Hop;Latin Music,106.0
2707,Bandoe (Dirty),Donae'o ft. Don E,stBRqwLn7dU,Don E - Bandoe (Produced by Donaeo) | Link Up TV,3 years ago,381331.0,3:13,193.0,Link Up TV,121,,128.0
2718,Polo (Dirty),DonaeO,SqzCMjEBNPA,Donae'o - Polo (Music Video) | @donaeo | Link Up TV,4 years ago,283048.0,4:32,272.0,Link Up TV,109,Funky,128.0
2747,My Circle Remix (Dirty),"Donaeo ft. Cadet, Wiley, & Ghetts",j-Sc8mKL8Og,Donae'o - My Circle (RMX) Feat. Cadet & Ghetts | @donaeo | Link Up TV,5 years ago,288079.0,4:03,243.0,Link Up TV,100,,128.0
2753,I Feel Love [Original 12'],Donna Summer,B2qI6UDD2uQ,"Donna Summer  I Feel Love Original  8 minute 12"" version 1977",8 years ago,3777996.0,8:16,496.0,georgie gogo,1533,,128.23
2760,Cartier (feat. Chivv & 3robi),Dopebwoy,KSWRu9b_1-4,Dopebwoy - Cartier ft. Chivv & 3robi,4 years ago,111024500.0,4:12,252.0,Avalon Music,832,Hip-Hop/Rap,127.0
2813,Santo Domingo,Dopebwoy;Yxng Bane,JTkUTZDT62Q,Dopebwoy - Santo Domingo ft. Yxng Bane (prod. SRNO),2 years ago,7203784.0,2:45,165.0,Avalon Music,395,Rap/Hip Hop,98.0
2838,Barbie Boy (feat. Sega Bodega),Dorian Electra;Sega Bodega,opGVx_woHnQ,Dorian Electra - Barbie Boy (feat. Sega Bodega) [Official Audio],9 months ago,100590.0,2:50,170.0,DORIAN ELECTRA,117,Pop,82.96
2846,Marimba Rija,Dotorado Pro,EtA_0rvRgAM,Dotorado Pro - Marimba Rija,5 years ago,497656.0,3:01,181.0,ENCHUFADA,42,Electronic,130.0
2848,Controlla,Drake,Mg-QZCp1v1c,Drake - Controlla,1 year ago,5914175.0,4:06,246.0,Young Money Entertainment,250,Hip-Hop/Rap,93.5
2864,One Dance (feat. Wizkid & Kyla),Drake,iAbnEUA0wpA,One Dance-Drake (feat. Wizkid & Kyla),2 years ago,113200099.0,2:55,175.0,Chris Obando,292,Hip-Hop/Rap,104.0
2899,Fake Love,Drake,8xqmcc2qlEQ,Drake - Fake Love,3 months ago,143693.0,3:32,212.0,YM Records,24,Hip-Hop/Rap,134.0
2943,Chop Chop,DyDy;Gold Gad,7t0mWYE0Pxg,"Dydy, Gold Gad - Chop Chop (Official Music Video)",11 months ago,464594.0,2:49,169.0,GoldGadMusic,1180,Reggae;Dancehall/Ragga,99.0
3012,Gotta Have It,Equator Club & Aztek,F3V9Fag4w0U,Equator Club & Aztek - Gotta Have It,8 years ago,37422.0,4:01,241.0,Eton Messy,39,,135.0
3018,Martina,Eso.XO.Supreme,Mi8Mgh6aMRc,Eso.Xo.Supreme - Martina (Official Video) (Explicit),3 years ago,276184.0,3:44,224.0,Eso.Xo.Supreme,48,R&B/Soul,79.01
3042,Body (feat. Mr Eazi),Eugy,catgBmmMXmw,Eugy ft Mr Eazi - Body (Official Video) | prod. by Team Salut,5 years ago,9260767.0,3:36,216.0,Eugy,608,,100.0
3043,Hinode,Fakear,e6AKA_93uKE,Fakear - Hinode,8 years ago,692618.0,4:03,243.0,Fakear,53,,172.0
3055,Brrrrrr (What Happened?) ,Falcons,ACOo8ROscDE,Falcons - Brrrrrr (What Happened),6 years ago,130077.0,3:39,219.0,Trap City,25,└A,90.0
3108,Gyal Dem Move,Falcons & Juelz,yzobwQOZ6OU,Falcons & Juelz - Gyal Dem Move,5 years ago,59926.0,3:46,226.0,TrapMusicHD,22,,130.0
3187,What's Luv - ZIGGY & Praia Del Sol 2018 Remix,Fat Joe ft. Ashanti,OKpiqSmFCFE,Fat Joe - What's Luv? ft. Ashanti (ZIGGY X Praia del Sol Remix),2 years ago,21864.0,2:58,178.0,Brazilian Music Tv,26,,102.0
3226,Go Back Home,FKJ,CoyOjv7eVLM,FKJ - Go Back Home,4 years ago,1100636.0,3:56,236.0,Roche Musique,75,Electronic,96.0
3235,The GTW & Bengfang - Cravings,Flight Facilities,ASw_hrAmA7A,The GTW & Bengfang - Cravings,8 years ago,814953.0,2:26,146.0,Majestic Casual,116,,133.0
3257,Paper Thin,Flume,CsFjjbyqZeo,Flume - Paper Thin,10 years ago,5078639.0,2:59,179.0,Flume,557,,95.0
3294,Pumped Up Kicks (Gigamesh Remix),Foster The People,sv5Vd0amTBc,Foster The People - Pumped Up Kicks Gigamesh Remix,9 years ago,100020.0,5:07,307.0,Musicanabee,30,Waves ≠ Raves vol. 10,128.0
3311,Lookin Exotic,Future,zLuY1bgWxrI,Future - Lookin Exotic (HNDRXX),4 years ago,658770.0,3:41,221.0,New Music Friday,82,Hip-Hop/Rap,152.0
3330,Patek Water (feat. Offset),Future & Young Thug,tT5TDmiAY78,Future & Young Thug - Patek Water Feat  Offset [Official Audio],3 years ago,7349632.0,3:10,190.0,Young Thug,1074,Hip-Hop/Rap,76.5
3351,We On,Gavlyn & DJ Hoppa,UrTZ-ULZ6dY,Gavlyn & DJ Hoppa - We On (Music Video),4 years ago,7243137.0,3:12,192.0,Broken Complex,1930,Hip-Hop/Rap,90.0
3383,You,Gidge,4DYeCB5ItEE,Gidge - You,6 years ago,220207.0,8:06,486.0,Atomnation,27,,123.0
3408,Choreograph,Gilligan Moss,NQ8xD6FVic8,Gilligan Moss - Choreograph,6 years ago,225734.0,5:46,346.0,Gilligan Moss YT,108,Dance,112.0
3419,Llama,Girl Ultra,LSwOgHqV5oY,Girl Ultra - Llama,3 years ago,973092.0,3:22,202.0,Finesse Records,195,Alternative;Latin Music,75.0
3444,Abril,Girl Ultra,v2ccwbQivIU,Girl Ultra - Abril,3 years ago,164188.0,3:53,233.0,Finesse Records,56,Alternative;Latin Music,120.0
3454,Adiós,Girl Ultra,L5aIOo56Lwk,Girl Ultra - Adiós,3 years ago,15783.0,1:31,91.0,Finesse Records,11,Alternative;Latin Music,130.0
3455,Lejos,Girl Ultra;Coco Santos,NSL2Q7AERE8,Girl Ultra - Lejos ft. Coco Santos (CLUBZ),3 years ago,147821.0,2:47,167.0,Finesse Records,35,Alternative;Latin Music,98.0
3465,5th Ave,Gold Panda,cRLreGvjC4c,Gold Panda - 5th Ave,10 years ago,566180.0,5:34,334.0,sittingonthebeach,196,,87.97
3492,"Crew ft. Brent Faiyaz, Shy Glizzy",GoldLink ,nhNqbe6QENY,"GoldLink - Crew ft. Brent Faiyaz, Shy Glizzy",4 years ago,143116850.0,3:21,201.0,GoldLink,659,,130.0
3493,PRESSURE,Goon des Garcons,FUi3NXtmSGI,Goon des Garcons - PRESSURE (Audio),1 year ago,56283.0,2:30,150.0,GoonDesGarconsVEVO,54,Rap/Hip Hop,136.0
3513,Crocodile Tears,GRADES,otCvwU5pmwY,GRADES - Crocodile Tears (Official Audio),6 years ago,879111.0,2:48,168.0,GRADES,146,,126.0
3523,Cash Train (feat. Not3s & Blade Brown),GRM Daily;Not3s;BLADE BROWN,AxQezC6YvYs,Not3s x Blade Brown - Cash Train [Music Video] | #GRM10,1 year ago,3420940.0,3:11,191.0,GRM Daily,561,Rap/Hip Hop,98.0
3534,Little Bit of This (feat. Vince Staples) (Original Mix),"GTA, Vince Staples",qkxEKumTj08,GTA ft. Vince Staples - Little Bit of This,4 years ago,4909916.0,2:47,167.0,Good Times Ahead,1315,Hip-Hop,118.0
3580,Something About You,Hayden James,Hyi8Z4s2miw,Hayden James - Something About You,6 years ago,13901511.0,3:44,224.0,TheSoundYouNeed,838,Electronic,115.0
3603,"Never Goin' Broke (Feat. Iamsu!, P-Lo, Kool John, Jay Ant",HBK Gang ,ZFqw6zxd7J8,"HBK Gang - Never Goin' Broke (Feat. Iamsu!, P-Lo, Kool John, Jay Ant & Skipper) (Feat. Kehlani) [Pro",7 years ago,2959837.0,3:31,211.0,Thizzler On The Roof,274,,98.0
3621,Ukiyo,Hermitude,COgu9XHPKSc,Hermitude - Ukiyo (Official Music Video),5 years ago,715219.0,4:04,244.0,Hermitude,193,,180.0
3634,Addio Mare (feat. Astroboi),Highkili;Astroboi,WV4G9eWTAeA,ADDIO MARE - HIGHKILI,7 months ago,8624.0,3:12,192.0,HIGHKILI Hi-Ki,13,Reggaeton,96.0
3636,We Do it ,Hnqo ,Xl9MVk0LeWY,HNQO feat. BR - We Do It (Original Mix),9 years ago,1142842.0,7:04,424.0,TheIoLoSo3,138,,118.0
3655,Lambada,Hr. Troels;Manos,OUHZXNlguz4,Hr. Troels - Lambada (Lyrics) ft. Manos,1 year ago,2769158.0,3:06,186.0,The Vibe Guide,124,Dance;Pop,126.0
3682,Cashmere,Hucci,P06l7Huv6uE,Hucci - Cashmere,8 years ago,346995.0,4:21,261.0,AllTrapMusic,173,Presex,119.97
3695,Very First Breath (feat. Irfane),Hudson Mohawke,z_kLmNPlolY,Hudson Mohawke - Very First Breath (Official Video) ft. Irfane,6 years ago,527480.0,3:24,204.0,Hudson Mohawke,71,,140.0
3696,Passports (feat. Remy Banks),Hudson Mohawke,a1kuYYhtJPw,"""Passports"" - Hudson Mohawke feat. Remy Banks (Silicon Valley: The Soundtrack) [HQ Audio]",4 years ago,202737.0,2:22,142.0,Mass Appeal Records,28,"Warp, Master, Publishing, Vocal Male",132.0
3707,Foxy Boxing,Hudson Mohawke,oqGD-QOvz-o,Hudson Mohawke - Foxy Boxing,3 years ago,7764.0,4:08,248.0,LuckyMe Records,13,"LuckyMe, Master, Instrumental",142.97
3708,Thunder Bay,Hudson Mohawke,my_Efk19OJw,Hudson Mohawke - Thunder Bay - 1080p,10 years ago,371577.0,3:23,203.0,Matthew Ellis,367,"Warp, One-stop, Instrumental, Vocal FX",135.98
3727,Maniac,Hyper Crush,wL3cRaPF2k8,Hyper Crush - Maniac,9 years ago,1680236.0,3:38,218.0,Hyper Crush,407,,128.0
3743,Shade (Dirty),IAMDDB,DWUUSDG8mVk,IAMDDB - Quarantine (Prod. Adrian),1 year ago,476446.0,2:57,177.0,MASSHENDRIX,256,,122.0
3755,G.A.F,IAMDDB,pphzA2mAEWo,IAMDDB - G.A.F,3 years ago,2518810.0,3:23,203.0,IAM DDB,376,Rap/Hip Hop;R&B,135.0
3799,Hipster Girls,Iamsu!,z8emZMYkkwk,"Iamsu! ""Hipster Girls"" [OFFICIAL VIDEO] Dir. Aris Jerome",7 years ago,970422.0,3:22,202.0,HBK Gang,167,Hip-Hop/Rap,129.0
3845,Cucumber,J Hus,4OOo_L-ShP8,J Hus - Cucumber (Official Audio),1 year ago,1583747.0,2:43,163.0,J Hus,129,Rap/Hip Hop,103.0
3855,Good Time - Satoru Club Edit (Dirty),J Hus ft. Burna Boy,hGL1JoC2IaQ,J Hus - Play Play (Official Audio) ft. Burna Boy,1 year ago,5128811.0,3:28,208.0,J Hus,353,,110.0
3882,Big Conspiracy,J Hus;iceè tgm,Fw-cPUzUoig,J Hus - Big Conspiracy (Official Audio) ft. iceè tgm,1 year ago,4724504.0,3:41,221.0,J Hus,384,Rap/Hip Hop,93.0
3883,Repeat,J Hus;Koffee,PSFN8bAIkmQ,J Hus - Repeat (Official Audio) ft. Koffee,1 year ago,4114604.0,2:35,155.0,J Hus,461,Rap/Hip Hop,92.0
3903,Afterglow (Original Mix),Jacques Greene,VgWFKGBqqV8,Jacques Greene - Afterglow,4 years ago,37440.0,3:54,234.0,Jacques Greene,11,Electronica / Downtempo,137.99
3904,You Can't Deny,Jacques Greene,CEnMRajT05M,Jacques Greene - You Can't Deny,4 years ago,64030.0,3:51,231.0,Jacques Greene,29,Electrónica,125.99
3925,Wasteman,Jada Kingdom;Stalk Ashley,dRBMY4WCfj8,"Jada Kingdom, Stalk Ashley - Wasteman (Official Audio)",2 years ago,2338838.0,3:30,210.0,Jada Kingdom,704,Reggae,90.0
3957,Track 16,Jai Paul,uDfPC1FQVl0,Lyric Video- BTSTU by Jai Paul,3 years ago,26267.0,3:25,205.0,•Lyrically Unstable•,21,,89.99
3975,Girl,Jamie xx,r7gmVWgEpRc,Jamie xx - Girl,7 years ago,12603563.0,4:03,243.0,Jamie xx,808,Electrónica,101.64
3985,Hold Tight,Jamie xx,xWEYPo2JQws,Jamie xx - Hold Tight,6 years ago,316000.0,4:06,246.0,Clapham Junction,45,Electrónica,125.5
3986,I Know There's Gonna Be (Good Times) [feat. Young Thug & Popcaan],Jamie xx,BjLBB-TMa84,"Jamie xx - I Know There's Gonna Be (Good Times) ft. Young Thug, Popcaan",5 years ago,19546549.0,3:31,211.0,Jamie xx,1898,Electronic,89.5
4007,Obvs,Jamie xx,RIwnkTlLQUY,Jamie xx - Obvs,6 years ago,933581.0,3:53,233.0,Clapham Junction,133,Electrónica,152.0
4008,SeeSaw (feat. Romy),Jamie xx,S-C-pOR6QP4,Jamie xx (feat. Romy) - SeeSaw,6 years ago,895647.0,4:31,271.0,Clapham Junction,117,Electrónica,125.0
4021,Stranger In a Room (feat. Oliver Sim),Jamie xx,pmx1YKHVB_s,Jamie xx (feat. Oliver Sim) - Stranger In A Room,6 years ago,434697.0,3:00,180.0,Clapham Junction,44,Electrónica,129.81
4023,The Rest Is Noise,Jamie xx,MCxpwylKFNE,Jamie xx - The Rest Is Noise,6 years ago,582805.0,5:01,301.0,Clapham Junction,65,Electrónica,125.0
4050,Fresh & Clean,Jaz Elise,eaZ6t2IKAmo,Jaz Elise- Fresh & Clean (Official Video),1 year ago,807651.0,3:13,193.0,Jaz Elise,514,Reggae;Dancehall/Ragga,101.0
4061,Insecure,Jazmine Sullivan & Bryson Tiller,xcC3UQl3V-U,Jazmine Sullivan X Bryson Tiller - Insecure (Official Video),3 years ago,77095248.0,3:53,233.0,Jazmine Sullivan,2041,Soundtrack,130.54
4069,Qui (YYIOY Remix),Jeremih,YH_dGe8BmzY,Jeremih | Oui (Traducida al español),3 years ago,741825.0,3:59,239.0,oldschool,106,,140.0
4176,Faux pa ,Joey Mccrilley,js6rkrF06iw,Joey Mccrilley - Faux Pa,8 years ago,193628.0,4:52,292.0,SubSoul,37,Nu House ,123.0
4192,Snooze,Johnny Yukon,Z59QbEW4_ec,Johnny Yukon - Snooze (Official Video),3 years ago,1207638.0,3:00,180.0,Johnny Yukon,436,R&B/Soul,155.0
4228,On My Mind,Jorja Smith & Preditah,PA5uuBCtZ5k,Jorja Smith X Preditah - On My Mind,3 years ago,48699829.0,3:10,190.0,Jorja Smith,2200,Electronic,153.98
4284,Be Honest (feat. Ms Banks) (Cadenza & AoD Remix),Jorja Smith;Ms Banks,4F_eE4kr9vk,Jorja Smith - Be Honest FT Ms Banks (Cadenza x AOD Remix),1 year ago,267039.0,3:30,210.0,Jorja Smith,151,R&B,98.0
4315,Banku Dade,Jowaa,TxX2qHbvSfE,Jowaa - Banku Dade,4 years ago,39993.0,3:37,217.0,ENCHUFADA,14,,126.0
4319,LLÁMAME,Juicy BAE,Q0hHgpKINHY,JUICY BAE - LLÁMAME (Prod. Paul Married & Red Cloud),1 year ago,61799.0,3:00,180.0,JUICY BAE,112,R&B,75.0
4384,Normal,Juls;Kojey Radical,sSMYwMESizI,Juls - Normal ft. Kojey Radical,2 years ago,352304.0,3:43,223.0,Juls baby,116,,130.0
4406,Take Back The Night (Pat Lok 'Day x Nite' Remix),Justin Timberlake,htUj_dSbdgU,Justin Timberlake - Take Back The Night (Pat Lok Day x Nite Remix),8 years ago,19571.0,5:48,348.0,mhtpk1989,10,Fun,114.47
4415,Love Sex Magic (Bodhi Remix),Justin Timberlake Feat. Ciara,1HUyW8_Egxs,Justin Timberlake - Love Sex Magic (feat. Ciara) (Bodhi Remix),8 years ago,964000.0,3:42,222.0,Majestic Casual,173,,125.0
4426,Tyrant (feat. Jorja Smith),Kali Uchis,KDUOLz9ZL2g,Kali Uchis - Tyrant ft. Jorja Smith,4 years ago,29879462.0,3:24,204.0,KALI UCHIS,2160,R&B/Soul,82.5
4504,I Love It (Dirty),Kanye West & Lil Pump ft. Adele Givens,cwQgjq0mCdE,Kanye West & Lil Pump - I Love It feat. Adele Givens [Official Music Video],2 years ago,595730813.0,2:11,131.0,Lil pump,1073,,104.0
4552,Tusa,Karol G;Nicki Minaj,tbneQDc2H3I,"KAROL G, Nicki Minaj - Tusa (Official Video)",1 year ago,1222734669.0,3:24,204.0,KAROL G,1397,Rap/Hip Hop;Latin Music,101.0
4625,Til The Morning (SNAKEHIPS REMIX),Kehlani,McfelHN2TvI,Kehlani - Til The Morning (Snakehips Remix),6 years ago,1490492.0,3:18,198.0,Majestic Casual,155,,130.0
4643,CRZY ,Kehlani ,2d7U4CX0PHk,Kehlani - CRZY (Official Video),4 years ago,42971374.0,3:19,199.0,Kehlani,2294,,130.0
4692,Momo (Mobile Money),Kelvyn Boy;Mugeez;DarkoVibes,kVP2rG3k8ic,Kelvynboy - MOMO feat. DarkoVibes & Mugeez (Official Video),1 year ago,772515.0,4:15,255.0,Kelvyn Boy,524,,108.0
4703,DNA.,Kendrick Lamar,uX6uBHPGfSs,DNA - Kendrick Lamar (AUDIO),4 years ago,11810547.0,3:07,187.0,OH DYO,1084,Hip-Hop/Rap,130.0
4711,HUMBLE.,Kendrick Lamar,tvTRZJ-4EyI,Kendrick Lamar - HUMBLE.,4 years ago,796914447.0,3:04,184.0,Kendrick Lamar,800,Hip-Hop/Rap,150.0
4733,All The Stars (Dirty),Kendrick Lamar & SZA,GfCqMv--ncA,"Kendrick Lamar, SZA - All The Stars",3 years ago,43805852.0,3:57,237.0,Kendrick Lamar,1513,Other,96.8
4743,Turn Me On,Kevin Lyttle,GP3Exc5tCtc,Kevin Lyttle - Turn Me On (Official Video),11 years ago,58082147.0,3:16,196.0,Atlantic Records,2255,Reggae,106.25
4784,Day 'N' Nite,Kid Cudi,VrDfSZ_6f4U,Kid Cudi - Day 'N' Nite,11 years ago,170765320.0,3:08,188.0,Kid Cudi,363,,138.0
4804,Doin' My Thing (Featured In She's Out Of My League),King Juju,mu515xhUkT0,Doin' My Thing - King JuJu,10 years ago,152548.0,2:27,147.0,YourFreestyleMusic,54,Pop,98.0
4821,So Fine,Klaves,pa9r7CatTh8,Klaves - So Fine,8 years ago,1198028.0,5:15,315.0,Majestic Casual,435,,125.0
4831,Come On,Klaves,YGdl4W6IeI8,Klaves - Come On,6 years ago,54827.0,3:49,229.0,Eton Messy,10,,119.0
4845,Will You,Klaves,bQNnr8O_xow,Klaves - Will You,8 years ago,92212.0,5:04,304.0,Eton Messy,50,,124.0
4846,Mamacita,KM;Frenna;Jonna Fraser,NnxhgSrJtpY,KM - Mamacita ft. Frenna & Jonna Fraser (prod. Spanker),2 years ago,3427224.0,3:15,195.0,TopNotch,462,Rap/Hip Hop,130.0
4891,Dollar Sines,KRNE,PCx4qdvby94,KRNE - Dollar Sines,6 years ago,1504787.0,3:08,188.0,MrSuicideSheep,643,,75.0
4944,iSpy (feat. Lil Yachty),KYLE,5XK4v2fgMPU,KYLE - iSpy feat. Lil Yachty [Official Music Video],4 years ago,426783135.0,4:20,260.0,SuperDuperKyle,216,Hip-Hop,74.99
4978,Young Hearts Run Free,Kym Mazelle,IIbiG04X3ws,Romeo & Juliet (1996) – Kym Mazelle – Young Hearts Run Free,11 years ago,2900604.0,4:16,256.0,TheLadybumbum,254,Alternative;Indie Pop;Indie Rock;Pop;Indie Pop/Folk;Rock;Films/Games;Film Scores,119.99
4992,NA - Ecstacy (L-Vis Edit),L-Vis 1990,rjS_jQwdAwE,Dat Oven -- Icy Lake (L-Vis 1990 Dub),8 years ago,12913.0,3:06,186.0,Andrew F,12,,130.0
5005,Meisje,LA$$A;LouiVos;Geechi;Frsh,_1YIOYUfadY,LA$$A x LouiVos x Geechi x Frsh - Meisje,2 years ago,1422603.0,2:50,170.0,Life of Lassa,127,Rap/Hip Hop,108.0
5012,Queen's Speech Ep.3,Lady Leshurr,PVeT27F8CPY,Lady Leshurr - Queen's Speech Ep.3,6 years ago,17946800.0,3:32,212.0,Lady Leshurr,1981,,128.0
5029,Fly Away (Poolside Edit),Laid Back,arT-wFTvKqY,Laid Back - Fly Away (Poolside Edit) | HD,8 years ago,75200.0,8:17,497.0,The Groove Panda,16,Daytime Disco,102.0
5044,Picaflor,Lao Ra;C. Tangana,ZdqRDVqRexc,"Lao Ra, C. Tangana - Picaflor (Official Video)",1 year ago,7924059.0,3:17,197.0,Lao Ra,628,Rap/Hip Hop,98.0
5082,Been a Minute,Last Night In Paris,i4LmdZ5r76g,Last Night In Paris - Been A Minute (Official Video),4 years ago,930503.0,3:33,213.0,LastNightInParisVEVO,295,Dance,140.0
5111,Boing Boing,Lauwtje;Famke Louise;Poke,11Ci36RXqtw,Lauwtje - Boing Boing ft. Famke Louise & Poke (prod. Esko & Krankjoram),2 years ago,4343048.0,3:24,204.0,Van Klasse,1275,Rap/Hip Hop,100.0
5122,Rayon,Letherette,EdJKge5ESPo,Letherette - 'Rayon',5 years ago,51693.0,4:32,272.0,Ninja Tune,18,,124.0
5151,Where I Be,Liable,TYBafxOdM5s,Liable - Where I Be,7 years ago,95625.0,5:48,348.0,Eton Messy,26,Garage,125.0
5171,Faded (Rusty Hook Flip),Lido x ZHU,v80rkHUWe6A,Lido x ZHU - Faded (Rusty Hook Flip),6 years ago,69987.0,4:23,263.0,Vibe Life,18,Sex,130.0
5201,Wonder Woman (NVOY Remix),LION BABE,QxfCS-AnIsM,Lion Babe - Wonder Woman (NVOY Remix),6 years ago,112204.0,3:51,231.0,Eton Messy,26,,121.0
5215,Juice,Lizzo,XaCrQL_8eMY,Lizzo - Juice (Official Video),2 years ago,97921801.0,3:21,201.0,Lizzo Music,519,Pop,120.0
5244,Mujer Bruja,Lola Indigo;Mala Rodríguez,a-geL8Q3U18,"Lola Indigo, Mala Rodríguez - Mujer Bruja",2 years ago,31369136.0,3:23,203.0,Lola Indigo,2401,Pop;Latin Music,106.0
5279,Amigo,Lous and The Yakuza,PNGwThvjadY,Lous and The Yakuza - Amigo (Clip officiel),10 months ago,1546045.0,2:37,157.0,Lous and the Yakuza,603,Rap/Hip Hop,118.0
5310,Party Girls (Sinjin Hawke Remix),"Ludacris, Jeremih, Cashmere Cat, Wiz Khalifa",ar8gQztgGBs,Ludacris - Party Girls (Sinjin Hawke Remix),6 years ago,18330.0,4:45,285.0,Sinjin Hawke,14,,130.0
5367,Distrust ft. Denzel Curry,Lunice,nBJzRa9hupg,"LUNICE - Distrust (feat Denzel Curry, JK The Reaper & Nell)",4 years ago,54497.0,3:05,185.0,LUNICE,31,"LuckyMe, Master, Vocal Male",157.99
5398,Partout,Lunice,eWCeKTyP1so,Lunice - Partout,2 years ago,6033.0,2:33,153.0,LuckyMe Records,10,"LuckyMe, Master",128.0
5430,Isometrix (Original Mix),Machinedrum,iju16wR0sMI,Machinedrum - 'Isometrix',4 years ago,23777.0,3:14,194.0,Ninja Tune,10,Electronica / Downtempo,100.03
5440,Spectrum Sequence (Original Mix),Machinedrum,ju0TCWpeWww,Machinedrum - 'Spectrum Sequence',4 years ago,19968.0,2:17,137.0,Ninja Tune,25,Electronica / Downtempo,110.0
5442,Tell U feat. Rochelle Jordan (Original Mix),"Machinedrum, Rochelle Jordan",qEUG2kDW3I0,Machinedrum - 'Tell U (ft. Rochelle Jordan)',4 years ago,68947.0,3:21,201.0,Ninja Tune,71,Electronica / Downtempo,87.0
5467,Replay,Maikel Delacalle,4vhzwQGlb8Q,Maikel Delacalle - Replay,2 years ago,23655015.0,3:36,216.0,MAIKEL DELACALLE,1870,Pop;Latin Music,110.0
5480,My Love (feat. Drake),Majid Jordan,eqJ-Shv3kEw,Majid Jordan - My Love (feat. Drake) [Official Video],5 years ago,9628527.0,4:15,255.0,MAJID JORDAN,1405,Pop,119.0
5499,Lean On (Original Mix),Major Lazer feat. MO & DJ Snake,YqeW9_5kURI,Major Lazer & DJ Snake - Lean On (feat. MØ) (Official Music Video),6 years ago,3071444658.0,2:59,179.0,Major Lazer Official,431,Electronica,98.0
5516,Que Calor (feat. J Balvin & El Alfa),Major Lazer;J Balvin;El Alfa,ZBBS4imv1qo,"Major Lazer, J Balvin - Que Calor (Official Video) ft. El Alfa",1 year ago,134012808.0,2:56,176.0,Major Lazer Official,1005,Electro;Dance,126.0
5550,4AM,Manny Norté;6lack;Rema;Tion Wayne;Love Renaissance (LVRN),VVYp5qky--s,"Manny Norté, 6LACK, Rema, Tion Wayne - 4AM ft. Love Renaissance (LVRN)",1 year ago,4400289.0,3:45,225.0,6LACK,1001,R&B,105.0
5569,Man x Woman,Mar,SBoPEJmV2MQ,Full Crate x Mar - Man x Woman,7 years ago,517713.0,4:45,285.0,FullCratexMarVEVO,145,House/RnB,124.0
5581,Birthday Card,Marcus Marr & Chet Faker,OEEQwUjqa7U,Marcus Marr & Chet Faker - Birthday Card,5 years ago,1409265.0,7:47,467.0,Chet Faker,127,,123.0
5594,Ninia,Maria Sioke;Pedro LaDroga,z7NHB3Zdv4E,"MARIA SIOKE, Pedro Ladroga - NINIA",1 year ago,61468.0,3:23,203.0,MARIA SIOKE,142,Pop;Latin Music,94.0
5636,Todo Os Dias,MC Buzzz;King Doudou,yCgc29HuRoQ,MC Buzzz - Todo Os Dias,1 year ago,36174.0,2:47,167.0,MC BUZZZ,21,Rap/Hip Hop;Latin Music,130.0
5646,Bum Bum Tam Tam - AVI S Remix,MC Fioti,ZCdFGgW1rtM,MC Fioti - Bum Bum Tam Tam (AVI S Reflip),4 years ago,3969944.0,2:44,164.0,Xorks TV,425,,128.0
5674,In Fact,Melvitto;Gabzy,QFEjKe-xkYc,melvitto - In Fact (feat. Gabzy) (Official Audio),2 years ago,749084.0,3:46,226.0,melvitto,164,,89.98
5692,Thousand Words Ft Kaleem Taylor (Original Mix) Master,Memeb ,2A2bG2D05uQ,Memeb Ft. Kaleem Taylor - Thousand Words,6 years ago,78927.0,4:15,255.0,Eton Messy,17,,100.0
5713,Dime Cuantas Veces,Micro TDH;Rels B,wC7oIy5yEwM,Micro TDH ft. Rels B  - Dime Cuantas Veces (Official Video),2 years ago,40429609.0,3:40,220.0,Micro TDH,2394,Rap/Hip Hop;Latin Music,100.0
5723,Dime Cuantas Veces (Remix) [feat. Justin Quiles],Micro TDH;Rels B;Lenny Tavarez;Justin Quiles,c48y8nkeVFA,"Micro TDH - Dime Cuantas Veces (Remix) ft. Rels B, Lenny Tavarez, Justin Quiles (Official Video)",1 year ago,43651389.0,3:35,215.0,Micro TDH,2202,Rap/Hip Hop;Latin Music,100.0
5754,Bad and Boujee (feat. Lil Uzi Vert),Migos,S-sJp1FfG7Q,Migos - Bad and Boujee ft Lil Uzi Vert [Official Video],4 years ago,1076843822.0,5:35,335.0,Migos ATL,615,Hip-Hop,127.0
5771,Sky Walker (Clean),Miguel ft. Travis Scott,76O3w4pt0CA,Miguel - Sky Walker (Official Video) ft. Travis Scott,3 years ago,192315007.0,3:29,209.0,Miguel,801,,73.0
5808,The Wave (Thomas Gold Remix),Miike Snow,KB5g02ezUKU,Miike Snow - The Wave (Thomas Gold Remix),8 years ago,106714.0,6:35,395.0,Axtone,40,,127.0
5832,Mikey B - One In A Million,Mikey B ,N_fKmxacdl8,Mikey B - One In A Million,5 years ago,48439.0,4:21,261.0,DEEPROT,54,UK Bass,134.0
5844,MOVE,Mila J ,xHUryef94QE,Mila J - MOVE,4 years ago,271803.0,2:48,168.0,Mila J,127,,138.0
5846,Sentah (feat. Bryte),"Mina, Bryte",laxIOHgjTVU,Mina - Sentah (feat. Bryte),4 years ago,131160.0,3:09,189.0,ENCHUFADA,16,,125.0
5918,I'm Better (feat. Lamb),Missy Elliott,TwyPsUd9LAk,Missy Elliott - I'm Better (feat. Lamb) [Official Music Video],4 years ago,39216984.0,3:40,220.0,Missy Elliott,2642,Hip-Hop/Rap,105.0
5954,Triscuits (Original mix)  ,Monitor 66,gaj7eG6Egpk,Monitor 66 - Triscuits (official),8 years ago,562169.0,5:47,347.0,thehouseofdisco,132,,108.0
5984,Shine Girl,Mostack;Stormzy,IXJd36Yxa-o,MoStack - Shine Girl (Official Video) ft. Stormzy,2 years ago,11336331.0,2:56,176.0,MoStack,1371,Rap/Hip Hop,104.0
5998,Tu Sicaria,Ms Nina;Beauty Brain,AqLAKlkRM30,♥  Ms Nina ♥   -   Tu Sicaria Prod  Beauty Brain,4 years ago,40756850.0,2:25,145.0,Ms Nina,2172,Rap/Hip Hop;Reggaeton;Reggae,98.0
5999,Brandy,MssingNo ,LUtJv8ll_BU,MssingNo - Brandy Flip,7 years ago,236091.0,4:51,291.0,Петр Бубликов,34,,130.0
6011,Firefly (feat Nao),MURA MASA,ThxaAo1QFSw,Mura Masa - Firefly (feat. Nao),6 years ago,24633349.0,3:49,229.0,Majestic Casual,1248,Bass,110.0
6012,Lovesick Fuck,MURA MASA,1LwHBw0EXe8,Mura Masa - Lovesick Fuck,6 years ago,6552983.0,3:17,197.0,Majestic Casual,799,Bass,89.0
6038,Miss You,Mura Masa ,90fRR8vHoM0,Mura Masa - Miss You,6 years ago,11126983.0,4:06,246.0,Majestic Casual,644,,87.97
6048,Move Me,Mura Masa & Octavian,Tbz6xQkewo4,Mura Masa - Move Me (Official Video) ft. Octavian,3 years ago,10795926.0,3:31,211.0,Mura Masa,1293,Electrónica,105.0
6057,Complicated,Mura Masa ft. Nao,NjOLYMGTRWw,"Mura Masa, NAO - Complicated",2 years ago,3681230.0,3:46,226.0,Mura Masa,1067,,100.0
6058,Trabajo,Murda,jn1ieqwc6z0,Murda - Trabajo (prod. Yung Felix),3 years ago,8100051.0,2:26,146.0,noahsarklabel,530,Rap/Hip Hop,108.0
6076,Together,Murlo;Conducta,8zshk50pCRA,Murlo & Conducta - Together,3 years ago,23453.0,4:30,270.0,BlueDollarBillz,12,Alternative;Indie Rock;Electro;Techno/House;Dance,136.0
6149,Paris (feat. Jordo),Nakala,BjXMIcYXkj8,Nakala - Paris ft. Jordo,5 years ago,527966.0,3:21,201.0,dynmk,58,R&B/Soul,128.0
6154,Business Woman,Nathy Peluso,4B614TAin4s,Nathy Peluso - BUSINESS WOMAN,1 year ago,13110161.0,3:57,237.0,Nathy Peluso,2078,Rap/Hip Hop;Pop;Latin Pop,83.0
6170,Natikillah,Nathy Peluso,Dua-Mh73Y2k,NATHY PELUSO - NATIKILLAH,2 years ago,13366766.0,3:22,202.0,Nathy Peluso,2079,Rap/Hip Hop,89.01
6196,Nicolas Jaar - And I Say (Xinobi Edit),Nicolas Jaar,kHlTgClAq6Q,Nicolas Jaar - And I Say (Xinobi Edit),8 years ago,9761424.0,6:20,380.0,The Vibe Minds,291,,115.0
6205,Just A Girl,No Doubt,PHzOOQfhPFg,No Doubt - Just A Girl,11 years ago,74113742.0,3:27,207.0,NoDoubtTV,1545,Pop,107.91
6218,U,Noah North,OPrFWay3n8Q,U - Noah North (Official Lyric Video),1 year ago,132305.0,2:21,141.0,Noah North,131,Pop,104.0
6244,You Are,NVOY,0wd9GytzM3g,NVOY - You Are,8 months ago,160625.0,3:51,231.0,Selected.,120,Dance,121.0
6263,Another Level,Olamide,MW3uw23g_-s,Olamide - Another Level (Audio),9 months ago,162331.0,2:57,177.0,Olamide Baddosneh,88,,100.0
6315,Dos Uno Nueve (219),Omar Apollo,EXd-lh_rf4w,Omar Apollo - Dos Uno Nueve (Official Lyric Video),10 months ago,100221.0,3:08,188.0,Omar Apollo,197,Alternative,100.28
6331,Frío,Omar Apollo,hjv2e5TdFLw,Omar Apollo - Frío (Official Lyric Video),1 year ago,448102.0,2:06,126.0,Omar Apollo,266,Latin Music,86.0
6351,Post To Be,Omarion ft. Chris Brown & Jhene Aiko,aPxVSCfoYnU,Omarion Ft. Chris Brown & Jhene Aiko - Post To Be (Official Music Video),6 years ago,784057967.0,3:47,227.0,Omarion,480,Abstract,97.5
6383,OSDHDTT (Original mix) ,Origins Sound,khpS04EZaxs,Origins Sound - OSDHDTT,8 years ago,86507.0,5:04,304.0,Eton Messy,59,,125.0
6427,Frontline,Pa Salieu,IaQjlagBnG0,Pa Salieu - Frontline (Music Video) | @MixtapeMadness,1 year ago,4470937.0,3:25,205.0,Mixtape Madness,1631,Rap/Hip Hop,97.5
6443,Stuck On You,Pedro/Bryte,_1kNoTq1FLI,PEDRO - Stuck On You (feat. Bryte) [LYRIC VIDEO],1 year ago,22561.0,2:51,171.0,ENCHUFADA,14,Electro;Dance;Disco,130.0
6503,In another room - Pional,PionaL,8zz5o3TLzlM,Pional - In Another Room,11 years ago,423824.0,7:35,455.0,Hivern Discs,71,,107.0
6518,Life in Grey,Point Point,OYhazrEYYW0,Point Point - Life in Grey,7 years ago,2693375.0,3:45,225.0,Majestic Casual,505,,179.96
6531,Somateria,Polkadot,b4Gs4PuMQO4,Polkadot - Somateria,8 years ago,32678.0,5:16,316.0,SubSoul,10,,125.0
6597,Kiss You Forever,Poolside,9-eWsv4oazQ,Poolside – Kiss You Forever (Official Audio),9 years ago,1044725.0,5:33,333.0,Poolside,81,Daytime Disco,96.0
6598,Do You Believe,Poolside,7PeHiipOcI4,Poolside - Do You Believe,3 years ago,174713.0,4:15,255.0,Poolside,84,Daytime Disco,104.0
6618,Coño,Puri;Jhorrmountain;Adje,uE7b5Q7wtSw,Puri x Jhorrmountain x Adje - Coño (Official Audio),3 years ago,47641407.0,2:18,138.0,Spinnin' Records,1616,Dance,100.0
6640,Metelo,Puri;Kilate Tesla;Adje;Dopebwoy,aUoMkoBMstI,"Puri, KILATE TESLA & Adje – Metelo ft. Dopebwoy",2 years ago,469278.0,3:04,184.0,Artsounds,65,Rap/Hip Hop,100.0
6655,Family Tree,Ramz,XoMtG1CexN8,Ramz - Family Tree [Music Video] | GRM Daily,3 years ago,37933218.0,3:24,204.0,GRM Daily,1997,,108.0
6676,Rhythm 'N' Gash (Instrumental),Rebound X,tSTK8W-Cs-s,Rebound X - Rhythm 'N' Gash (Instrumental),8 years ago,2921092.0,3:55,235.0,YesItsVetzHD,630,,140.0
6690,Dumebi (S!RENE Edit),Rema,zUU1bIWpH5c,Rema - Dumebi ( Official Music Video ),2 years ago,42759916.0,3:16,196.0,Rema,1985,,109.97
6704,Woman,Rema,v7dsnMbRAHY,Rema - Woman (Official Music Video),8 months ago,8518431.0,4:00,240.0,Rema,2062,,113.0
6713,Lovenvy,Renz Young,sJ0vjD1ZC1w,Renz Young - Lovenvy,4 years ago,6160.0,3:38,218.0,Rhythm Assisted Poetry,10,Rap/Hip Hop,135.0
6769,Down The Line (It Takes A Number),Romare,vzYbJQm9laM,Romare - Down The Line (It Takes A Number),9 years ago,874168.0,4:16,256.0,Romaremusic,76,,88.0
6788,Blijf Bij Mij,Ronnie Flex;Maan,5EbIIR-XpTs,Ronnie Flex - Blijf Bij Mij ft. Maan (prod. Jack $hirak),3 years ago,38171175.0,3:10,190.0,TopNotch,2122,Pop,98.0
6800,A Palé,Rosalía,5zwpwbdGNIk,ROSALÍA - A Palé (Official Video),1 year ago,42070111.0,2:23,143.0,ROSALÍA,898,Pop,123.01
6804,Con Altura,Rosalía;J Balvin;El Guincho,p7bfOZek9t4,"ROSALÍA, J Balvin - Con Altura (Official Video) ft. El Guincho",2 years ago,1839275568.0,2:45,165.0,ROSALÍA,1328,Pop,98.0
6811,"Yo x Ti, Tu x Mi",Rosalía;Ozuna,2j3x0VYnehg,"ROSALÍA, Ozuna - Yo x Ti, Tu x Mi (Official Video)",1 year ago,413233345.0,3:28,208.0,ROSALÍA,725,Latin Music,92.0
6822,Glass,Round,uEbK7RbOK9c,Round - Glass,6 years ago,149204.0,5:07,307.0,Hivern Discs,32,Electronic,119.75
6824,Breathe,Rubee Rayne ,1YKlXATyR9g,Rubee Rayne - Breathe,7 years ago,19070.0,3:17,197.0,Rubee Rayne,19,Slowsex,105.0
6835,Take Me,RUFUS,lFBbUuqbiJw,RUFUS - Take Me (Official Video) [Be Yourself Music],7 years ago,157531.0,4:16,256.0,Be Yourself Music,24,Indie,124.0
6905,Rover (feat. DTG),S1mba;DTG,lcUq0DDt0Ro,S1MBA ft. DTG - Rover (Mu la la) [Music Video] | Link Up TV,1 year ago,21869082.0,2:47,167.0,Link Up TV,1934,Rap/Hip Hop,108.0
6949,Sunshine Pulse (feat. SIROJ),Sam Tiba,mnVZzHujXiA,Sam Tiba - Sunshine Pulse (feat. SIROJ),5 years ago,45157.0,5:03,303.0,Bromance Records,11,,115.96
6993,Tap In,Saweetie,jUIrolORx6M,Saweetie - Tap In [Official Music Video],1 year ago,48130592.0,2:31,151.0,Official Saweetie,1143,Rap/Hip Hop,100.0
7015,Gimme the Light,Sean Paul,8MmW_GOFS8I,Sean Paul - Gimme The Light (Official Video),11 years ago,62042586.0,3:28,208.0,Atlantic Records,1808,Pop,107.18
7034,Like Glue,Sean Paul ,0zZ2bifb338,Sean Paul - Like Glue (Official Video),11 years ago,116275306.0,4:16,256.0,Atlantic Records,2029,,97.9
7062,Patsergedrag,Sevn Alias;Boef,aNv27umOfIY,Sevn Alias ft. Lil Kleine & Boef - Patsergedrag (Prod. Jack $hirak),3 years ago,33242685.0,3:14,194.0,RotterdamAirlines,2052,Rap/Hip Hop,124.0
7071,Big Man,Sevn Alias;Mula B;Trobeats,D251IpT-y4k,Sevn Alias - Big Man ft. Mula B & Trobi (prod. Trobi & Deauxnuts),2 years ago,8958395.0,2:44,164.0,1OAK-TV,798,Rap/Hip Hop,96.0
7085,Smart Aleck Kill (feat. Col3trane),SG Lewis,lpJ8Otaw6MI,SG Lewis - Smart Aleck Kill (Audio) ft. Col3trane,4 years ago,298669.0,3:54,234.0,SG Lewis,70,Electronic,150.0
7127,Dobale,Shaybo,ZdwzYQGG7ww,Shaybo - Dobale (Official Video),9 months ago,1276683.0,2:34,154.0,Shaybo,725,Rap/Hip Hop,97.0
7138,Ya Dun Know,Shaybo,W-kO6OCd5RA,Shaybo - Ya Dun Know [Music Video] | Link Up TV,1 year ago,866891.0,3:03,183.0,Link Up TV,331,Rap/Hip Hop,100.0
7192,MAIN STREET ELECTRICAL PARADE,Shinichi Osawa,f8rItDSXSLo,Shinichi Osawa / MAIN STREET ELECTRICAL PARADE,12 years ago,350194.0,5:51,351.0,DJTomoe5,95,Electronica/Dance,125.0
7214,Bo Peep (Do U Right),Shlohmo ft. Jeremih,FXjIpLfG7Mo,Shlohmo - Bo Peep (Do U Right) ft. Jeremih HD,7 years ago,98772.0,3:50,230.0,Words & Music,18,,120.0
7216,Bam Bam,Sister Nancy,qXnT3LFTc-s,Sister Nancy - BAM BAM,13 years ago,24562920.0,3:17,197.0,johnreign81,1843,Reggae,82.97
7238,Cause and Effect,Sivey,cNVioKhuF3I,Sivey - Cause and Effect,8 years ago,380048.0,3:04,184.0,Majestic Casual,138,,134.03
7260,I Wish (Radio Edit),Skee-Lo,ryDOy3AosBw,Skee-Lo - I Wish (Official Video),8 years ago,28678693.0,4:14,254.0,Altra Moda Music,1139,Hip-Hop/Rap,97.86
7300,Where Are Ü Now (feat. Justin Bieber),Skrillex & Diplo,nntGTK2Fhb0,"Skrillex and Diplo - ""Where Are Ü Now"" with Justin Bieber (Official Video)",6 years ago,1184049219.0,4:12,252.0,Jack Ü,749,Dance,140.0
7379,Best Friends (Y//2//K Remix),Sophia Grace,YTEyds7c25I,Sophia Grace - Best Friends (Y2K Remix),6 years ago,51537.0,2:48,168.0,Arts Help,40,,100.0
7405,Lemonade,Sophie,LdLvp630plc,SOPHIE - LEMONADE (Official Stream),7 years ago,1975779.0,1:59,119.0,Numbers.,1121,Bass,142.99
7429,Hard,Sophie,V8fwWZD159k,SOPHIE - HARD (Official Stream),6 years ago,1343749.0,2:55,175.0,Numbers.,464,Bass,84.0
7436,Elle,Sophie,V2gMXJEqt3c,SOPHIE - ELLE (Official Stream),8 years ago,367676.0,3:45,225.0,Numbers.,113,Electronic,119.91
7437,JUST LIKE WE NEVER SAID GOODBYE,SOPHIE,6Z3N79ktprw,SOPHIE - JUST LIKE WE NEVER SAID GOODBYE (Official Stream),5 years ago,907407.0,3:09,189.0,Numbers.,397,PC Music,143.0
7438,L.O.V.E.,SOPHIE,BY9ejw1728w,SOPHIE - L.O.V.E. (Official Stream),5 years ago,260872.0,3:39,219.0,Numbers.,380,PC Music,143.9
7439,VYZEE,SOPHIE,KXdRl6Ml37I,SOPHIE - VYZEE (Official Stream),5 years ago,1053343.0,3:23,203.0,Numbers.,322,PC Music,130.0
7440,MSMSMSM,SOPHIE,WyX-PRqzV78,SOPHIE - MSMSMSM (Official Stream),5 years ago,951174.0,3:36,216.0,Numbers.,805,PC Music,133.5
7444,BIPP,SOPHIE,MVc3Z-bG6Eo,SOPHIE - BIPP (Official Stream),8 years ago,2259406.0,3:01,181.0,Numbers.,778,PC Music,124.0
7461,III/IV,Star Slinger,ZKjLc61wO8k,Star Slinger - III/IV,7 years ago,16010.0,4:07,247.0,InspotMusic,27,,126.0
7480,Soco,Starboy;Wizkid;Ceeza Milli;Spotless;Terri,9qz7lMsFUJU,"StarBoy - Soco ft. Wizkid, Ceeza Milli, Spotless, Terri (Audio)",3 years ago,40191056.0,4:17,257.0,StarBoy TV,1435,,108.0
7491,Time Off,starRo & Kyle Dion,shWpfzcqoo8,starRo & Kyle Dion - Time Off,4 years ago,148228.0,4:17,257.0,EscapeTracks,44,Electronic,80.0
7524,Mami Dónde Estás?,Sticky M.a.;Juicy BAE;Jambo,zLd5BmgjlJw,Sticky M.A. - Mami Dónde Estás? ft. Juicy BAE,1 year ago,580140.0,3:33,213.0,StickyMAVEVO,460,Rap/Hip Hop,83.5
7549,Own It (feat. Ed Sheeran & Burna Boy),Stormzy;Ed Sheeran;Burna Boy,eYwbGaSurCQ,STORMZY - OWN IT (feat. ED SHEERAN & BURNA BOY),1 year ago,71196302.0,3:42,222.0,Stormzy,1144,Rap/Hip Hop,104.0
7619,Stwo - Eden (oshi remix),Stwo,qHbTmXJk0q8,Stwo - Eden (Oshi Remix),6 years ago,63589.0,5:02,302.0,SYZYGY,15,,121.0
7621,Thinking (Maths Time Joy Remix),Submotion Orchestra,tNFNpMovpW0,Submotion Orchestra - Thinking (Maths Time Joy Remix),8 years ago,548252.0,4:51,291.0,Majestic Casual,150,,140.0
7632,Tú Me Haces Sentir,Swallow X;Nico Miseria,sLp4W8BSMFs,Swallow X w/ Nico Miseria - Tu me haces sentir (Music Video),1 year ago,11858.0,3:29,209.0,Swallow X,38,Rap/Hip Hop;Pop,113.0
7643,I Got U,Sweater Beats,tuQBCffXyF8,Sweater Beats - I Got U,8 years ago,287551.0,3:54,234.0,Trap City,71,,133.0
7688,All About Me,Syd,ZNIOrsxsa0A,Syd - All About Me (Video),4 years ago,4174451.0,3:32,212.0,Syd,1460,R&B/Soul,119.0
7698,In My Arms,Synkro & Manos,jjAC2ii3aac,Synkro & Manos - In My Arms,7 years ago,77087.0,6:24,384.0,Apollo Records,21,Aftersex,85.0
7710,Long Time No See (feat. Atu),Ta-ku,uj1KeltcGXM,Ta-ku - Long Time No See feat. Atu,6 years ago,909874.0,4:43,283.0,Ta-ku,186,Электронная музыка,114.02
7711,Trust Me,Ta-ku,79yeRrGEUBM,Ta-ku - Trust Me,6 years ago,456704.0,3:10,190.0,Ta-ku,28,Электронная музыка,146.0
7725,Vegas (Joey Mccrilley Remix),TÂCHES ,tIJs6A2ToGs,TÂCHES - Vegas (Joey Mccrilley Remix),8 years ago,82177.0,6:44,404.0,Eton Messy,49,,126.0
7753,Walking With Elephants (Original Mix) ,Ten Walls,rymUSbYQjw8,Ten Walls - Walking with Elephants (Original Mix),7 years ago,62084870.0,5:27,327.0,D1gitalSound,1908,,120.0
7768,Лев (Kolya Funk Radio Mix),Tenca,I8xOnovAas8,TENCA - Лев //  Kolya Funk REMIX //,2 years ago,455254.0,2:46,166.0,TENCA music,127,Rap/Hip Hop,105.0
7816,The Hills,The Weeknd,yzTuBuRdAyA,The Weeknd - The Hills (Official Video),6 years ago,1702197882.0,3:55,235.0,The Weeknd,321,R&B/Soul,113.0
7855,Can't Feel My Face,The Weeknd,KEI4qSrkPAs,The Weeknd - Can't Feel My Face (Official Video),6 years ago,1198168997.0,3:39,219.0,The Weeknd,230,R&B/Soul,108.0
7856,The Morning (Atlantic Connection mix),The Weeknd,Ky_dqRZWac0,♒ The Weeknd - The Morning ( Atlantic Connection Remix ) ♒,7 years ago,153567.0,4:00,240.0,Chilland,28,Electronic,140.0
7858,Them Changes,Thundercat,jBuKNkVFaMU,Thundercat - Them Changes,3 years ago,5645441.0,3:10,190.0,David Dean Burkhart,2142,R&B/Soul,81.7
7884,Cold Sweat,Tinashe,QXQPDNuOUCo,TINASHE - Cold Sweat (OFFICIAL MUSIC VIDEO),6 years ago,4995930.0,5:31,331.0,Tinashe,1705,R&B/Soul,129.84
7899,Top Winners (feat. Not3s),Tinie;Not3s,mxkHdxIfn2g,Tinie - Top Winners ft. Not3s (Official Video),1 year ago,1788876.0,3:00,180.0,Tinie,447,Rap/Hip Hop,108.0
7939,I'm On (Clean),Tion Wayne ft. Kojo Funds,A4qwTmUbplg,Tion Wayne Ft. Kojo Funds – I'm On (Clean),3 years ago,5625.0,2:54,174.0,Clean UK Edits,12,,102.0
7972,Nothing (LO EDIT),TJPN & LO ,JI3MRtRCNlk,TJPN & LO - Nothing (LO Edit),8 years ago,26103.0,4:06,246.0,Eton Messy,18,,130.0
7990,Higher Ground,TNGHT,TtgZb0uGUGI,TNGHT - Higher Ground,8 years ago,856530.0,3:20,200.0,K W,406,"Trap, EDM, Warp, Master, Publishing, Instrumental, Vocal FX",160.74
8016,Slowments,Touch Sensitive,whV4iIOcHyw,Touch Sensitive - Slowments,7 years ago,278861.0,7:04,424.0,Future Classic,67,Aftersex,110.0
8028,Run,Tourist,ihHMKli6bcM,Tourist - Run (Official Audio),5 years ago,528061.0,6:00,360.0,Tourist,131,Electronic,126.0
8039,goosebumps,Travis Scott,Dst9gZkq1a8,Travis Scott - goosebumps ft. Kendrick Lamar,4 years ago,698324202.0,4:11,251.0,Travis Scott,574,Hip-Hop/Rap,130.0
8061,HIGHEST IN THE ROOM,Travis Scott,tfSS1e3kYeo,Travis Scott - HIGHEST IN THE ROOM (Official Music Video),1 year ago,452504367.0,2:57,177.0,Travis Scott,1247,Rap/Hip Hop,153.0
8062,Mahabbah,Tropkillaz,UYVObSs-tlk,Tropkillaz - Mahabbah (Official Full Stream),5 years ago,384935.0,2:59,179.0,Mad Decent,63,Electronic,103.0
8104,So Am I,Ty Dolla $ign ft. Damian Marley & Skrillex,aaWcbMP_gU8,Ty Dolla $ign - So Am I ft. Damian Marley & Skrillex [Official Audio],3 years ago,5263964.0,3:46,226.0,Ty Dolla $ign,899,,85.0
8157,Faded (Explicit) ft. Lil Wayne,Tyga,LbouTdwOrVw,Tyga - Faded (Official Music Video) (Explicit) ft. Lil Wayne,9 years ago,84477132.0,3:37,217.0,Tyga,1698,,95.02
8188,SWISH (Dirty),Tyga,ScdQQfAjFTk,Tyga - SWISH (Official Music Video),3 years ago,210198680.0,3:15,195.0,Tyga,1957,,105.0
8228,Taste - CHILDSPLAY Remix (Dirty),Tyga ft. Offset,jK20m-lAw7I,Tyga - Taste ft. Offset (CHILDSPLAY Remix),2 years ago,379511.0,3:54,234.0,FrenchTrap / FT,78,,103.0
8242,BUK,Valsbezig,yH9OxZYyQxg,ValsBezig - BUK (prod. DentaBeats),3 years ago,15706436.0,2:51,171.0,TopNotch,667,Rap/Hip Hop,102.0
8315,Clarks (feat. Popcaan & Gaza Slim),Vybz Kartel,CFYtre2q6uo,Vybz Kartel ft Popcaan & Gaza Slim - Clarkes {OFFICIAL VIDEO} Gaza - March 2010,9 years ago,1887360.0,3:09,189.0,Kas Exodus U.T.G,328,Reggae,99.0
8327,Proper English,Vybz Kartel,C7eebGQ_1xQ,Vybz Kartel - Proper English,3 years ago,278171.0,3:58,238.0,StreetfrassMusic,125,Modern Dancehall,87.3
8330,Real Bad Gal,Vybz Kartel,H4INS2XxQyo,Vybz Kartel - Real Bad Gal (Official Video),2 years ago,6002017.0,3:20,200.0,VybzKartelVEVO,1410,Reggae,100.0
8362,Under Water,Vybz Kartel,uPl-uvr4mDk,Vybz Kartel - Under Water (Official Animated Video),3 years ago,17773748.0,2:57,177.0,VybzKartelVEVO,2272,Reggae;Dancehall/Ragga,93.0
8369,My PYT [OFFICIAL MUSIC VIDEO],Wale ,aRGzlvOuigc,Wale - My PYT [Official Music Video],5 years ago,49895006.0,4:16,256.0,Wale,1992,,97.0
8388,Tur-Key Nla,Wande Coal,maS32H8UWEQ,Wande Coal - Tur-Key Nla [Official Video],3 years ago,3622533.0,3:58,238.0,Wande Coal,414,Rap/Hip Hop,125.0
8398,Marvin,Wayward ,YmRbzY7NEXw,Wayward - Marvin,8 years ago,137866.0,5:26,326.0,Eton Messy,58,,115.0
8419,Let U Know Ft. Zilo,Wilfred Giroux,hCw1GFIJn4s,Wilfred Giroux — Let U Know ft. Zilo [Official],5 years ago,11482.0,4:13,253.0,Rinse FM,15,,130.0
8443,Daddy Yo,Wizkid,_2uqOvEo2bQ,WizKid - Daddy Yo,4 years ago,20503571.0,2:44,164.0,StarBoy TV,1882,,99.0
8456,No Stress,Wizkid,veIK9yEabNc,WizKid - No Stress (Official Video),8 months ago,13353134.0,3:28,208.0,StarBoy TV,2046,,100.0
8468,Essence (feat. Tems),Wizkid;Tems,jipQpjUA_o8,WizKid - Essence (Official Video) ft. Tems,3 months ago,17513467.0,4:06,246.0,StarBoy TV,1254,R&B,104.0
8469,Witching Hour,XXYYXX,dU8L6Sg7Vbs,"XXYYXX - ""Witching Hour""",7 years ago,59465.0,4:21,261.0,Relief in Abstract,24,,133.0
8480,Tik Tok (Y2K & ALIZZZ REMIX),Y2K & Alizzz,FL6Vd5LQgAc,Y2K & Alizzz - Tik Tok,5 years ago,30637.0,3:18,198.0,TRAP MUSIC NOW,20,Electrónica,132.0
8496,If You Leave,Yahtzel,KMZQj_POaAo,Yahtzel - If You Leave,6 years ago,2166448.0,5:12,312.0,TheSoundYouNeed,150,,145.0
8533,New Bike,Yibril Rue;Mishii,3tP9XL-uIqA,Yibril Rue - New bike feat. Mishii (Track 1),1 year ago,8508.0,2:25,145.0,Yibril Rue,38,Rap/Hip Hop;Dirty South,118.0
8534,We Back,Youan,rMd-zCGBoew,Youan - We Back,7 years ago,52875.0,4:01,241.0,Eton Messy,10,,124.0
8547,4x4,Young T & Bugsey,3ZFqCXO2zKY,Young T & Bugsey - 4x4 [Music Video] | GRM Daily,3 years ago,6369571.0,3:43,223.0,GRM Daily,456,Hip-Hop,104.0
8557,Don't Rush,Young T & Bugsey;Headie One,ouCuyQI9pXc,Young T & Bugsey - Don't Rush (ft. Headie One) [Music Video] | GRM Daily,1 year ago,79323178.0,3:32,212.0,GRM Daily,1442,Rap/Hip Hop,108.0
8583,OEFF,Yung Felix;Poke,EbKmCKgDqTw,Yung Felix & Poke - OEFF,2 years ago,16103368.0,2:21,141.0,noahsarklabel,1894,Rap/Hip Hop,120.0
8598,Mr Lova,Yung Felix;Zefanio;Ir Sais,GpVecE6OWYA,Yung Felix - Mr Lova ft. Zefanio & Ir Sais,2 years ago,3482894.0,2:42,162.0,noahsarklabel,274,Rap/Hip Hop,95.0
8634,INSTANTES,Lauren nine,zdG3Mgc1yhA,Lauren Nine - Instantes,3 years ago,60859.0,3:33,213.0,Lauren Nine,53,,119.08
8636,SURT DEL MEU CAP,Lauren nine,BQ0vDUnBpAc,Lauren Nine & AWWZ - Surt Del Meu Cap,6 months ago,3210.0,3:46,226.0,Lauren Nine,17,,102.0
8637,NAUGHTY WORLD ,Lauren nine,4zHYop7xQOM,Lauren Nine & AWWZ - Naughty World (live),1 year ago,5775.0,3:28,208.0,Lauren Nine,24,,100.0
8638,SOMEBODY,Lauren nine,U1KkV1Zrft0,Lauren Nine - Somebody (directo),2 years ago,18835.0,4:46,286.0,Lauren Nine,62,,84.76
8639,ME VOY PAL CIELO,Lauren nine,rNU7teqQVnk,Lauren Nine - Me voy pal cielo (Prod. Absolute Terror),2 months ago,1510.0,2:43,163.0,Lauren Nine,26,,120.0
8641,DIME QUÉ QUIERES SABER,Lauren nine,Zh_WJJ-Mb_E,Lauren Nine & AWWZ - Dime qué quieres saber,1 year ago,14686.0,2:26,146.0,Lauren Nine,39,,130.0
8643,MARINERO,Lauren nine,M3Ay9WMoI_Q,Lauren Nine - Marinero (Prod Sr.Chen),1 year ago,13198.0,3:52,232.0,Lauren Nine,63,,82.5
8906,Heatbroken YYIOY Bootleg,,V-oTVeWWpuk,T2 - Heartbroken (Phibes Bootleg),1 year ago,1277731.0,4:00,240.0,DEEPROT,279,,132.0
